#,Date,Instrument
1,1994-01-15,HIRES/PCS
2,1994-02-04,HIRES
3,1994-02-05,SSC/HIRES
4,1994-02-06,HIRES
5,1994-02-07,HIRES
6,1994-02-08,HIRES
7,1994-02-09,HIRES
8,1994-02-10,HIRES
9,1994-02-11,HIRES
10,1994-02-12,HIRES
11,1994-02-28,HIRES
12,1994-03-18,HIRES
13,1994-03-19,HIRES
14,1994-03-20,HIRES
15,1994-03-21,HIRES
16,1994-04-01,PCS/HIRES
17,1994-04-02,HIRES/PCS/SSC
18,1994-04-06,HIRES
19,1994-04-07,HIRES
20,1994-04-13,HIRES
21,1994-04-14,HIRES
22,1994-04-15,HIRES
23,1994-04-16,HIRES
24,1994-04-17,HIRES
25,1994-04-27,HIRES/PCS
26,1994-05-13,HIRES
27,1994-05-14,HIRES
28,1994-05-15,HIRES
29,1994-05-16,HIRES
30,1994-05-17,HIRES
31,1994-05-18,HIRES
32,1994-06-10,HIRES
33,1994-06-11,HIRES
34,1994-06-12,HIRES
35,1994-06-13,HIRES
36,1994-06-14,HIRES
37,1994-06-15,HIRES
38,1994-06-16,HIRES
39,1994-06-17,HIRES
40,1994-06-18,HIRES
41,1994-06-19,HIRES
42,1994-06-25,HIRES
43,1994-06-26,HIRES/PCS
44,1994-07-01,HIRES
45,1994-07-02,HIRES
46,1994-07-03,HIRES
47,1994-07-04,HIRES
48,1994-07-29,HIRES
49,1994-07-30,HIRES
50,1994-07-31,HIRES
51,1994-08-01,HIRES
52,1994-08-11,HIRES
53,1994-08-12,HIRES
54,1994-08-13,HIRES
55,1994-08-14,HIRES
56,1994-08-15,HIRES
57,1994-09-13,HIRES
58,1994-09-14,HIRES
59,1994-09-15,HIRES
60,1994-09-22,HIRES
61,1994-09-23,HIRES
62,1994-09-24,HIRES
63,1994-09-25,HIRES
64,1994-09-26,HIRES
65,1994-09-27,HIRES
66,1994-09-28,HIRES
67,1994-09-29,HIRES
68,1994-09-30,HIRES
69,1994-10-01,HIRES
70,1994-10-02,HIRES
71,1994-10-03,HIRES
72,1994-10-04,HIRES
73,1994-10-05,HIRES
74,1994-10-06,HIRES
75,1994-10-07,HIRES
76,1994-10-08,HIRES
77,1994-10-09,HIRES
78,1994-10-10,HIRES
79,1994-10-11,HIRES
80,1994-10-12,HIRES
81,1994-10-13,HIRES
82,1994-10-23,HIRES
83,1994-10-24,HIRES
84,1994-10-25,HIRES
85,1994-10-26,HIRES
86,1994-11-20,HIRES
87,1994-11-21,HIRES
88,1994-11-22,HIRES
89,1994-11-23,HIRES
90,1994-11-24,HIRES
91,1994-11-25,HIRES
92,1994-11-26,HIRES
93,1994-11-27,HIRES
94,1994-11-28,HIRES
95,1994-12-22,HIRES
96,1994-12-23,HIRES
97,1994-12-25,HIRES
98,1994-12-26,HIRES
99,1995-01-05,HIRES
100,1995-01-21,HIRES
101,1995-01-22,HIRES
102,1995-01-23,HIRES
103,1995-01-24,HIRES
104,1995-02-05,HIRES
105,1995-02-06,HIRES
106,1995-02-07,HIRES
107,1995-02-08,HIRES
108,1995-02-09,PCS/HIRES
109,1995-02-21,HIRES
110,1995-02-22,HIRES
111,1995-03-07,HIRES
112,1995-03-08,HIRES
113,1995-03-09,HIRES
114,1995-03-10,HIRES
115,1995-03-11,HIRES
116,1995-03-12,HIRES
117,1995-03-13,HIRES/KODAK
118,1995-03-14,HIRES
119,1995-04-05,HIRES
120,1995-04-06,HIRES
121,1995-05-08,HIRES
122,1995-05-09,HIRES
123,1995-05-17,HIRES
124,1995-05-18,HIRES
125,1995-05-23,HIRES
126,1995-05-24,HIRES
127,1995-05-25,HIRES
128,1995-06-20,HIRES
129,1995-06-21,HIRES
130,1995-06-22,HIRES
131,1995-07-01,HIRES
132,1995-07-02,HIRES
133,1995-07-03,HIRES
134,1995-07-04,HIRES
135,1995-07-05,HIRES
136,1995-07-13,HIRES/PCS-SSC
137,1995-07-15,HIRES
138,1995-07-16,HIRES
139,1995-07-17,HIRES
140,1995-07-18,HIRES
141,1995-07-19,HIRES
142,1995-07-20,HIRES
143,1995-07-31,HIRES
144,1995-08-01,HIRES
145,1995-08-02,HIRES
146,1995-08-03,HIRES
147,1995-08-04,HIRES
148,1995-08-05,HIRES
149,1995-08-06,HIRES
150,1995-08-17,HIRES
151,1995-08-18,HIRES
152,1995-08-19,HIRES
153,1995-08-20,HIRES
154,1995-08-21,HIRES
155,1995-09-09,PCS/HIRES
156,1995-09-10,HIRES
157,1995-09-11,HIRES
158,1995-10-16,HIRES
159,1995-10-17,HIRES
160,1995-10-30,HIRES
161,1995-10-31,HIRES
162,1995-11-01,HIRES
163,1995-11-02,HIRES
164,1995-11-03,HIRES
165,1995-11-04,HIRES
166,1995-11-05,HIRES
167,1995-11-28,HIRES
168,1995-11-29,HIRES
169,1995-12-26,HIRES
170,1995-12-27,HIRES
171,1995-12-28,HIRES
172,1996-01-08,HIRES
173,1996-01-11,HIRES/PCS
174,1996-01-14,HIRES
175,1996-01-15,HIRES
176,1996-01-23,HIRES
177,1996-01-24,HIRES
178,1996-01-25,HIRES
179,1996-01-26,HIRES
180,1996-02-09,HIRES
181,1996-02-10,HIRES
182,1996-02-11,HIRES
183,1996-02-23,HIRES
184,1996-02-24,HIRES
185,1996-02-25,HIRES
186,1996-02-26,HIRES
187,1996-02-27,HIRES
188,1996-02-28,HIRES
189,1996-02-29,HIRES
190,1996-03-10,HIRES
191,1996-03-11,HIRES
192,1996-03-12,HIRES
193,1996-03-13,HIRES
194,1996-04-01,HIRES
195,1996-04-02,HIRES/PCS
196,1996-04-04,HIRES/PCS/LWS
197,1996-05-20,HIRES
198,1996-05-21,HIRES
199,1996-05-22,HIRES
200,1996-05-23,HIRES
201,1996-05-24,HIRES
202,1996-05-25,HIRES
203,1996-06-03,HIRES
204,1996-06-04,HIRES
205,1996-06-05,HIRES
206,1996-06-06,HIRES
207,1996-06-07,HIRES
208,1996-06-08,HIRES
209,1996-06-09,HIRES
210,1996-06-10,HIRES
211,1996-06-11,HIRES
212,1996-07-10,HIRES
213,1996-07-11,HIRES
214,1996-07-18,HIRES
215,1996-07-19,HIRES
216,1996-07-20,HIRES
217,1996-07-21,HIRES
218,1996-07-22,HIRES
219,1996-07-23,HIRES
220,1996-07-24,HIRES
221,1996-07-25,HIRES
222,1996-07-26,HIRES
223,1996-07-27,HIRES
224,1996-08-05,HIRES
225,1996-08-06,HIRES
226,1996-08-20,HIRES
227,1996-08-21,HIRES
228,1996-08-22,HIRES
229,1996-08-23,HIRES
230,1996-08-24,HIRES/PCS
231,1996-08-25,HIRES/PCS
232,1996-08-26,PCS/HIRES
233,1996-08-27,PCS/HIRES
234,1996-08-28,HIRES
235,1996-08-29,PCS/HIRES
236,1996-08-30,HIRES
237,1996-08-31,PCS/HIRES
238,1996-09-19,HIRES
239,1996-09-20,HIRES
240,1996-09-21,HIRES
241,1996-09-22,HIRES/PCS
242,1996-10-04,HIRES
243,1996-10-05,HIRES
244,1996-10-06,HIRES
245,1996-10-07,HIRES
246,1996-10-08,HIRES
247,1996-10-09,HIRES
248,1996-10-10,HIRES
249,1996-10-11,HIRES
250,1996-10-12,HIRES
251,1996-10-13,HIRES
252,1996-10-14,HIRES
253,1996-10-15,HIRES
254,1996-10-16,HIRES
255,1996-10-17,HIRES
256,1996-10-30,PCS-SSC/HIRES
257,1996-10-31,PCS-SSC/HIRES
258,1996-11-01,HIRES/PCS-SSC
259,1996-11-02,HIRES
260,1996-11-03,HIRES
261,1996-11-04,HIRES
262,1996-11-05,HIRES
263,1996-11-06,HIRES
264,1996-11-07,HIRES
265,1996-11-08,HIRES
266,1996-11-09,HIRES
267,1996-11-10,HIRES
268,1996-11-11,HIRES
269,1996-11-12,HIRES
270,1996-11-13,HIRES
271,1996-11-14,HIRES
272,1996-11-30,HIRES
273,1996-12-01,HIRES
274,1996-12-02,HIRES
275,1996-12-03,HIRES
276,1996-12-04,HIRES
277,1996-12-05,HIRES
278,1996-12-06,HIRES
279,1996-12-07,HIRES
280,1996-12-08,HIRES
281,1996-12-09,HIRES
282,1996-12-10,HIRES
283,1996-12-11,HIRES
284,1996-12-12,HIRES
285,1996-12-13,HIRES
286,1996-12-14,HIRES
287,1997-01-02,PCS/HIRES
288,1997-01-03,HIRES
289,1997-01-04,HIRES
290,1997-01-05,HIRES
291,1997-01-06,HIRES
292,1997-01-07,HIRESr
293,1997-01-08,HIRES
294,1997-01-09,HIRES
295,1997-01-10,HIRES
296,1997-01-11,HIRES
297,1997-01-12,HIRES
298,1997-01-13,HIRES
299,1997-01-30,HIRESr
300,1997-01-31,HIRESr
301,1997-02-01,HIRESr
302,1997-02-02,HIRESr
303,1997-02-03,HIRESr
304,1997-02-04,HIRESr
305,1997-03-05,HIRES
306,1997-03-07,HIRES/PCS
307,1997-03-08,HIRES
308,1997-03-09,HIRES
309,1997-03-10,HIRES
310,1997-03-11,HIRESb
311,1997-03-12,HIRESr
312,1997-03-13,HIRESr
313,1997-03-18,HIRES/PCS-SSC
314,1997-03-19,HIRESr
315,1997-03-20,HIRESr
316,1997-03-21,HIRESr
317,1997-03-22,HIRESr
318,1997-04-01,HIRESr
319,1997-04-02,HIRESr
320,1997-04-03,HIRESr
321,1997-04-04,HIRES
322,1997-04-05,HIRES
323,1997-04-06,HIRESr
324,1997-04-07,HIRESr
325,1997-04-08,HIRESr
326,1997-04-09,HIRESb
327,1997-04-10,HIRESb
328,1997-04-18,HIRES/PCS
329,1997-04-25,HIRES
330,1997-04-26,HIRES
331,1997-05-05,HIRESr
332,1997-05-06,HIRESr
333,1997-05-07,HIRESr
334,1997-05-08,HIRESr
335,1997-05-09,HIRESr
336,1997-05-10,HIRESb
337,1997-05-11,HIRESb
338,1997-05-20,PCS-SSC/HIRES
339,1997-05-21,PCS-SSC/HIRES
340,1997-05-25,HIRESr
341,1997-05-26,HIRESr
342,1997-05-27,HIRES
343,1997-05-28,HIRES
344,1997-05-29,HIRES
345,1997-05-30,HIRESb
346,1997-05-31,HIRESb
347,1997-06-01,HIRESr
348,1997-06-02,HIRESr
349,1997-06-03,HIRESr
350,1997-06-04,HIRESr
351,1997-06-05,HIRESr
352,1997-06-06,HIRESr
353,1997-06-07,HIRESr
354,1997-06-08,HIRESr
355,1997-06-09,HIRESr
356,1997-06-19,HIRESr
357,1997-06-20,HIRES
358,1997-07-03,HIRESb
359,1997-07-04,HIRESb
360,1997-07-05,HIRES
361,1997-07-06,HIRES
362,1997-07-07,HIRES
363,1997-07-08,HIRES
364,1997-07-09,HIRESr
365,1997-07-10,HIRESr
366,1997-07-11,HIRESr
367,1997-07-12,HIRES
368,1997-08-01,HIRESr
369,1997-08-02,HIRESr
370,1997-08-03,HIRESr
371,1997-08-04,HIRES
372,1997-08-05,HIRES
373,1997-08-06,HIRES
374,1997-08-07,HIRES
375,1997-08-08,HIRES
376,1997-08-09,HIRES
377,1997-08-10,HIRES
378,1997-08-11,HIRES
379,1997-08-12,HIRES
380,1997-08-19,HIRES/PCS
381,1997-08-25,HIRESr
382,1997-08-26,HIRESr
383,1997-08-27,HIRESr
384,1997-08-28,HIRESr
385,1997-08-29,HIRESr
386,1997-08-30,HIRESr
387,1997-08-31,HIRESr
388,1997-09-01,HIRESr
389,1997-09-02,HIRESb
390,1997-09-03,HIRESb
391,1997-09-04,HIRESr
392,1997-09-05,HIRESr
393,1997-09-15,HIRESr
394,1997-09-18,PCS-SSC/HIRES
395,1997-09-19,PCS-SSC/HIRES
396,1997-09-21,HIRESr
397,1997-09-22,HIRESr
398,1997-09-23,HIRESr
399,1997-09-24,HIRESr
400,1997-09-25,HIRESr
401,1997-09-26,HIRESr
402,1997-09-27,HIRESr
403,1997-09-28,HIRESr
404,1997-09-29,HIRESr
405,1997-09-30,HIRESr
406,1997-10-01,HIRESr
407,1997-10-02,HIRESr
408,1997-10-03,HIRESr
409,1997-10-28,HIRESr
410,1997-10-29,HIRESr
411,1997-10-30,HIRESr
412,1997-10-31,HIRESr
413,1997-11-01,HIRESb
414,1997-11-02,HIRESr
415,1997-11-03,HIRESr
416,1997-11-04,HIRESr
417,1997-11-05,HIRESr
418,1997-11-06,HIRESr
419,1997-11-26,HIRESb
420,1997-11-27,HIRESr
421,1997-11-28,HIRESr
422,1997-11-29,HIRESr
423,1997-11-30,HIRESr
424,1997-12-01,HIRESr
425,1997-12-02,HIRESr
426,1997-12-03,HIRESr
427,1997-12-04,HIRESr
428,1997-12-05,HIRES
429,1997-12-06,HIRESr
430,1997-12-07,HIRESr
431,1997-12-08,HIRESr
432,1997-12-09,HIRESr
433,1997-12-10,HIRESr
434,1997-12-11,HIRES
435,1997-12-19,PCS/HIRES
436,1997-12-20,HIRESb
437,1997-12-21,HIRESb
438,1997-12-22,HIRESr
439,1997-12-23,HIRESr
440,1997-12-24,HIRESr
441,1997-12-25,HIRESr
442,1997-12-26,HIRESr
443,1997-12-27,HIRESb
444,1997-12-28,HIRESb
445,1997-12-29,HIRESb
446,1997-12-30,HIRESb
447,1997-12-31,HIRESb
448,1998-01-01,HIRESb
449,1998-01-02,HIRESr
450,1998-01-03,HIRESr
451,1998-01-04,HIRESr
452,1998-01-05,HIRESr
453,1998-01-06,HIRESr
454,1998-01-07,HIRESr
455,1998-01-08,HIRESr
456,1998-01-21,HIRESb
457,1998-01-22,HIRESb
458,1998-01-23,HIRESr
459,1998-01-24,HIRESr
460,1998-01-25,HIRESr
461,1998-01-26,HIRESr
462,1998-01-27,HIRESr
463,1998-01-28,HIRESr
464,1998-01-29,HIRESr
465,1998-01-30,HIRESr
466,1998-01-31,HIRESr
467,1998-02-01,HIRESb
468,1998-02-02,HIRESb
469,1998-02-03,HIRESb
470,1998-02-16,HIRESr
471,1998-02-17,HIRESr
472,1998-02-18,HIRESr
473,1998-02-19,HIRESr
474,1998-02-20,HIRESr
475,1998-02-21,HIRESr
476,1998-02-22,HIRESr
477,1998-02-23,HIRESr
478,1998-02-24,HIRESr
479,1998-02-25,HIRESr
480,1998-02-26,HIRESr
481,1998-02-27,HIRESr
482,1998-02-28,HIRESr
483,1998-03-01,HIRESr
484,1998-03-02,HIRESr
485,1998-03-03,HIRESr
486,1998-03-04,HIRESr
487,1998-03-09,HIRES/PCS-SSC
488,1998-03-10,HIRES/PCS-SSC
489,1998-03-11,HIRES/PCS-SSC
490,1998-03-12,PCS/HIRES/SSC
491,1998-03-23,HIRESb
492,1998-03-24,HIRESb
493,1998-03-25,HIRESr
494,1998-03-26,HIRESr
495,1998-03-27,HIRESr
496,1998-03-28,HIRESr
497,1998-03-29,HIRESr
498,1998-03-30,HIRESr
499,1998-03-31,HIRESr
500,1998-04-19,HIRESb
501,1998-04-20,HIRESb
502,1998-04-21,HIRESb
503,1998-04-22,HIRESb
504,1998-04-23,HIRESb
505,1998-04-24,HIRESb
506,1998-04-25,HIRESb
507,1998-04-26,HIRESr
508,1998-04-27,HIRESr
509,1998-05-17,HIRESb
510,1998-05-18,HIRESr
511,1998-05-19,HIRESr
512,1998-05-20,HIRESr
513,1998-05-21,HIRESr
514,1998-05-22,HIRESr
515,1998-05-23,HIRESr
516,1998-05-24,HIRESr
517,1998-05-25,HIRESr
518,1998-05-26,HIRESb
519,1998-05-27,HIRESb
520,1998-05-28,HIRESb
521,1998-05-29,HIRESb
522,1998-05-30,HIRESr
523,1998-06-16,HIRESr
524,1998-06-17,HIRESr
525,1998-06-18,HIRESr
526,1998-06-19,HIRESr
527,1998-06-20,HIRESr
528,1998-06-21,HIRESr
529,1998-06-22,HIRESr
530,1998-06-23,HIRESb
531,1998-06-24,HIRESb
532,1998-06-25,HIRESr
533,1998-06-26,HIRESr
534,1998-06-27,HIRESb
535,1998-07-06,HIRES/PCS/SSC
536,1998-07-12,HIRESr
537,1998-07-13,HIRESr
538,1998-07-14,HIRESr
539,1998-07-15,HIRESr
540,1998-07-16,HIRESr
541,1998-07-17,HIRESr
542,1998-07-18,HIRESr
543,1998-07-19,HIRESb
544,1998-07-20,HIRESb
545,1998-07-21,HIRESb
546,1998-07-22,HIRESr
547,1998-07-23,HIRESr
548,1998-07-24,HIRESr
549,1998-07-25,HIRESr
550,1998-08-10,PCS/SSC/HIRES
551,1998-08-11,HIRESr
552,1998-08-12,HIRESr
553,1998-08-13,HIRESr
554,1998-08-14,HIRESr
555,1998-08-15,HIRESr
556,1998-08-16,HIRESr
557,1998-08-17,HIRESr
558,1998-08-18,HIRESr
559,1998-08-19,HIRESr
560,1998-08-20,HIRESr
561,1998-08-21,HIRESr
562,1998-08-22,HIRESr
563,1998-08-23,HIRESr
564,1998-08-24,HIRESr
565,1998-08-25,HIRESr
566,1998-08-26,HIRESb
567,1998-08-27,HIRESb
568,1998-08-28,HIRESb
569,1998-09-07,PCS/SSC/HIRES
570,1998-09-08,HIRESr
571,1998-09-09,HIRESr
572,1998-09-10,HIRESr
573,1998-09-11,HIRESr
574,1998-09-12,HIRESr
575,1998-09-13,HIRESr
576,1998-09-14,HIRESr
577,1998-09-15,HIRESr
578,1998-09-16,HIRESr
579,1998-09-17,HIRESr
580,1998-09-18,HIRESr
581,1998-09-19,HIRESr
582,1998-09-20,HIRESr
583,1998-09-21,HIRESr
584,1998-09-22,HIRESb
585,1998-09-23,HIRESb
586,1998-09-24,HIRESb
587,1998-10-14,HIRESr
588,1998-10-15,HIRESr
589,1998-10-16,HIRESr
590,1998-10-17,HIRESr
591,1998-10-18,HIRESr
592,1998-10-19,HIRESr
593,1998-10-20,HIRESr
594,1998-10-21,HIRESb
595,1998-10-22,HIRESb
596,1998-10-23,HIRESb
597,1998-10-24,HIRESr
598,1998-10-25,HIRESr
599,1998-10-26,HIRESb
600,1998-10-27,HIRESb
601,1998-10-28,HIRESb
602,1998-10-29,HIRESb
603,1998-10-30,HIRESb
604,1998-11-13,HIRESr
605,1998-11-14,HIRESr
606,1998-11-15,HIRESr
607,1998-11-16,HIRESr
608,1998-11-17,HIRESr
609,1998-11-18,HIRESr
610,1998-11-19,HIRESr
611,1998-11-20,HIRESr
612,1998-11-21,HIRESr
613,1998-11-22,HIRESr
614,1998-11-23,HIRESr
615,1998-12-10,HIRESb
616,1998-12-11,HIRESb
617,1998-12-13,HIRESb
618,1998-12-14,HIRESb
619,1998-12-15,HIRESb
620,1998-12-16,HIRESr
621,1998-12-17,HIRESr
622,1998-12-18,HIRESr
623,1998-12-19,HIRESr
624,1998-12-20,HIRESr
625,1998-12-21,HIRESr
626,1998-12-22,HIRESr
627,1998-12-23,HIRESr
628,1998-12-24,HIRESr
629,1998-12-25,HIRESr
630,1999-01-12,HIRESb
631,1999-01-13,HIRESb
632,1999-01-14,HIRESr
633,1999-01-15,HIRESr
634,1999-01-16,HIRESr
635,1999-01-17,HIRESr
636,1999-01-18,HIRESr
637,1999-01-19,HIRESr
638,1999-01-20,HIRESr
639,1999-01-21,HIRESr
640,1999-02-10,HIRESr
641,1999-02-11,HIRESr
642,1999-02-12,HIRESr
643,1999-02-13,HIRESr
644,1999-02-14,HIRESr
645,1999-02-15,HIRESr
646,1999-02-16,HIRESr
647,1999-02-17,HIRESr
648,1999-02-18,HIRESr
649,1999-02-19,HIRESr
650,1999-02-20,HIRESr
651,1999-02-21,HIRESb
652,1999-03-06,HIRESr
653,1999-03-07,HIRESr
654,1999-03-08,HIRESr
655,1999-03-09,HIRESr
656,1999-03-10,HIRESr
657,1999-03-11,HIRESr
658,1999-03-12,HIRESr
659,1999-03-13,HIRESr
660,1999-03-14,HIRESr
661,1999-03-15,HIRESr
662,1999-03-16,HIRESr
663,1999-03-17,HIRESr
664,1999-03-18,HIRESr
665,1999-03-19,HIRESr
666,1999-03-20,HIRESr
667,1999-03-21,HIRESr
668,1999-03-22,HIRESr
669,1999-04-12,HIRESb
670,1999-04-13,HIRESb
671,1999-04-14,HIRESb
672,1999-04-15,HIRESr
673,1999-04-16,HIRESb
674,1999-04-17,HIRESb
675,1999-04-18,HIRESb
676,1999-04-19,HIRESb
677,1999-04-20,HIRESb
678,1999-04-21,HIRESb
679,1999-04-22,HIRESr
680,1999-04-23,HIRESr
681,1999-04-24,HIRESr
682,1999-05-08,HIRESr
683,1999-05-09,HIRESr
684,1999-05-10,HIRESr
685,1999-05-11,HIRESr
686,1999-05-12,HIRESr
687,1999-05-13,HIRESr
688,1999-05-14,HIRESr
689,1999-05-15,HIRESr
690,1999-05-16,HIRESr
691,1999-05-17,HIRESr
692,1999-05-18,HIRESr
693,1999-05-19,HIRESr
694,1999-06-06,HIRESr
695,1999-06-07,HIRESr
696,1999-06-08,HIRESr
697,1999-06-09,HIRESr
698,1999-06-10,HIRESr
699,1999-06-11,HIRESr
700,1999-06-12,HIRESr
701,1999-06-13,HIRESr
702,1999-06-14,HIRESr
703,1999-06-15,HIRESr
704,1999-06-16,HIRESr
705,1999-06-17,HIRESr
706,1999-06-29,HIRES/PCS
707,1999-06-30,HIRES/PCS
708,1999-07-01,HIRESr
709,1999-07-02,HIRESr
710,1999-07-03,HIRESb
711,1999-07-04,HIRESb
712,1999-07-05,HIRESr
713,1999-07-06,HIRESr
714,1999-07-07,HIRESr
715,1999-07-08,HIRESr
716,1999-07-09,HIRESr
717,1999-07-10,HIRESr
718,1999-07-11,HIRESr
719,1999-07-12,HIRESr
720,1999-07-13,HIRESr
721,1999-07-14,HIRESr
722,1999-07-15,HIRESr
723,1999-07-16,HIRESr
724,1999-07-17,HIRESr
725,1999-07-18,HIRESr
726,1999-07-30,HIRES
727,1999-08-06,HIRESr
728,1999-08-07,HIRESr
729,1999-08-08,HIRESr
730,1999-08-09,HIRESr
731,1999-08-10,HIRESr
732,1999-08-11,HIRESb
733,1999-08-12,HIRESb
734,1999-08-13,HIRESr
735,1999-08-14,HIRESr
736,1999-08-15,HIRESr
737,1999-08-16,HIRESr
738,1999-08-17,HIRESr
739,1999-08-18,HIRESr
740,1999-08-19,HIRESr
741,1999-08-20,HIRESr
742,1999-08-24,HIRES
743,1999-09-03,PCS/HIRES
744,1999-09-04,HIRESr
745,1999-09-05,HIRESr
746,1999-09-06,HIRESr
747,1999-09-07,HIRESr
748,1999-09-08,HIRESr
749,1999-09-09,HIRESr
750,1999-09-10,HIRESr
751,1999-09-11,HIRESr
752,1999-09-12,HIRESr
753,1999-09-13,HIRESr
754,1999-09-14,HIRESr
755,1999-09-15,HIRESr
756,1999-09-16,HIRESr
757,1999-09-17,HIRESr
758,1999-09-18,HIRESr
759,1999-09-19,HIRESr
760,1999-10-03,HIRESr
761,1999-10-04,HIRESr
762,1999-10-05,HIRESr
763,1999-10-06,HIRESr
764,1999-10-07,HIRESr
765,1999-10-08,HIRESr
766,1999-10-09,HIRESb
767,1999-10-10,HIRESb
768,1999-10-11,HIRESb
769,1999-10-12,HIRESb
770,1999-10-13,HIRESb
771,1999-10-14,HIRESb
772,1999-10-15,HIRESb
773,1999-10-16,HIRES/PCS
774,1999-11-02,HIRESr
775,1999-11-03,HIRESr
776,1999-11-04,HIRESr
777,1999-11-05,HIRESr
778,1999-11-06,HIRESr
779,1999-11-07,HIRESr
780,1999-11-08,HIRESr
781,1999-11-09,HIRESr
782,1999-11-10,HIRESr
783,1999-11-11,HIRESr
784,1999-11-12,HIRESb
785,1999-11-13,HIRESb
786,1999-11-14,HIRESb
787,1999-11-19,PCS/HIRES
788,1999-12-02,HIRESr
789,1999-12-03,HIRESr
790,1999-12-04,HIRESr
791,1999-12-05,HIRESr
792,1999-12-06,HIRESr
793,1999-12-07,HIRESr
794,1999-12-08,HIRESr
795,1999-12-09,HIRESr
796,1999-12-10,HIRESr
797,1999-12-26,HIRESr
798,1999-12-27,HIRES
799,1999-12-28,HIRESr
800,1999-12-29,HIRESr
801,1999-12-30,HIRESr
802,1999-12-31,HIRES/PCS-SSC
803,2000-01-01,HIRES
804,2000-01-02,HIRESr
805,2000-01-03,HIRESr
806,2000-01-04,HIRESr
807,2000-01-05,HIRESr
808,2000-01-06,HIRESr
809,2000-01-07,HIRESr
810,2000-01-08,HIRESr
811,2000-01-09,HIRES
812,2000-01-10,HIRES
813,2000-01-30,HIRESr
814,2000-01-31,HIRESr
815,2000-02-01,HIRESr
816,2000-02-02,HIRESr
817,2000-02-03,HIRESr
818,2000-02-04,HIRESr
819,2000-02-05,HIRESr
820,2000-02-06,HIRESr
821,2000-02-07,HIRESr
822,2000-02-08,HIRESr
823,2000-02-09,HIRESr
824,2000-02-10,HIRESr
825,2000-02-11,HIRESr
826,2000-03-10,HIRESr
827,2000-03-11,HIRESr
828,2000-03-12,HIRESb
829,2000-03-13,HIRESb
830,2000-03-14,HIRESr
831,2000-05-08,HIRESb
832,2000-05-09,HIRESb
833,2000-05-13,HIRES
834,2000-05-14,HIRES
835,2000-05-24,HIRESr
836,2000-05-25,HIRESr
837,2000-05-26,HIRESr
838,2000-05-27,HIRESr
839,2000-05-28,HIRESr
840,2000-05-29,HIRESr
841,2000-05-30,HIRESr
842,2000-05-31,HIRESr
843,2000-06-01,HIRESr
844,2000-06-02,HIRESr
845,2000-06-03,HIRESr
846,2000-06-04,HIRES/PCS
847,2000-06-05,HIRES
848,2000-06-06,HIRESr
849,2000-06-07,HIRESr
850,2000-06-08,HIRESr
851,2000-06-09,HIRESr
852,2000-06-10,HIRESr
853,2000-06-28,HIRES
854,2000-06-29,HIRESr
855,2000-06-30,HIRESr
856,2000-07-01,HIRESr
857,2000-07-02,HIRESr
858,2000-07-03,HIRESr
859,2000-07-04,HIRESb
860,2000-07-05,HIRESr
861,2000-07-06,HIRESr
862,2000-07-07,HIRESr
863,2000-07-14,HIRESr
864,2000-07-15,HIRES
865,2000-07-28,HIRESr
866,2000-07-29,HIRESr
867,2000-07-30,HIRESr
868,2000-07-31,HIRESr
869,2000-08-01,HIRESr
870,2000-08-02,HIRESr
871,2000-08-12,HIRES/SSC
872,2000-08-13,HIRES/SSC
873,2000-08-14,SSC/HIRES
874,2000-09-04,HIRESr
875,2000-09-05,HIRESr
876,2000-09-06,HIRESr
877,2000-09-07,HIRESr
878,2000-09-08,HIRESr
879,2000-09-17,HIRESb
880,2000-09-18,HIRESb
881,2000-09-19,HIRESb
882,2000-09-20,HIRESb
883,2000-09-21,HIRESb
884,2000-09-22,HIRESb
885,2000-09-23,HIRESb
886,2000-10-06,HIRESr
887,2000-10-07,HIRESr
888,2000-10-08,HIRESr
889,2000-10-31,HIRESr
890,2000-11-01,HIRESr
891,2000-11-02,HIRESr
892,2000-11-03,HIRESb
893,2000-11-04,HIRESr
894,2000-11-29,HIRESr
895,2000-11-30,HIRESr
896,2000-12-01,HIRESr
897,2000-12-02,HIRESr
898,2000-12-03,HIRESr
899,2000-12-04,HIRESr
900,2000-12-17,HIRESr
901,2000-12-18,HIRESr
902,2000-12-19,HIRESr
903,2000-12-20,HIRESr
904,2000-12-21,HIRESr
905,2001-01-31,HIRESb
906,2001-02-28,HIRESb
907,2001-03-01,HIRESb
908,2001-03-02,DSM/HIRESr
909,2001-03-03,DSM/HIRESr
910,2001-03-04,DSM/HIRESr
911,2001-03-05,HIRESr
912,2001-03-12,DSM/HIRESr
913,2001-03-13,DSM/HIRESr
914,2001-03-14,DSM/HIRESr
915,2001-03-15,HIRESb
916,2001-03-16,HIRESb
917,2001-04-01,HIRESr
918,2001-04-02,HIRESr
919,2001-04-03,HIRESr
920,2001-04-06,PCS/HIRESr
921,2001-04-07,HIRESr
922,2001-04-08,DSM/HIRESr
923,2001-04-30,HIRESr
924,2001-05-12,HIRESr
925,2001-05-13,HIRESr
926,2001-05-14,HIRESr
927,2001-05-29,HIRESr
928,2001-05-30,HIRESr
929,2001-05-31,HIRESr
930,2001-06-01,HIRESr
931,2001-06-03,HIRESr
932,2001-06-04,HIRESr
933,2001-06-25,HIRESr
934,2001-06-26,HIRESr
935,2001-06-27,HIRESr
936,2001-06-28,HIRESr
937,2001-06-29,HIRESr
938,2001-06-30,HIRESr
939,2001-07-01,HIRESr
940,2001-07-02,HIRESr
941,2001-07-03,HIRESr
942,2001-07-04,HIRESr
943,2001-07-05,HIRESr
944,2001-07-06,HIRESr
945,2001-07-07,HIRESr
946,2001-07-08,HIRESr
947,2001-07-09,HIRESr
948,2001-07-10,HIRESr
949,2001-07-14,HIRESr
950,2001-07-15,HIRESr
951,2001-08-05,HIRESr
952,2001-08-06,HIRESr
953,2001-08-10,HIRESr
954,2001-08-11,HIRESr
955,2001-08-12,HIRESr
956,2001-08-13,HIRESr
957,2001-08-24,HIRESb
958,2001-08-25,HIRESb
959,2001-08-26,HIRESb
960,2001-09-07,HIRESr
961,2001-09-08,HIRESr
962,2001-09-09,HIRESr
963,2001-09-25,HIRESb
964,2001-09-26,HIRESb
965,2001-09-27,HIRESb
966,2001-09-28,HIRESb
967,2001-09-29,HIRESb
968,2001-10-04,HIRESr
969,2001-10-05,DSM/HIRESr
970,2001-10-06,DSM/HIRESr
971,2001-10-08,HIRESr
972,2001-10-09,HIRESr
973,2001-10-10,HIRESr
974,2001-10-24,HIRESr
975,2001-10-25,HIRESr
976,2001-10-26,HIRESr
977,2001-10-27,HIRESr
978,2001-11-02,HIRESr
979,2001-11-03,DSM/HIRESr
980,2001-11-04,DSM/HIRESr
981,2001-11-05,DSM/HIRESr
982,2001-11-07,HIRESr
983,2001-11-21,HIRESr
984,2001-11-22,HIRESr/DSM
985,2001-11-23,HIRESr/DSM
986,2001-11-24,HIRESr/DSM
987,2001-11-26,HIRESr
988,2001-11-27,HIRESr
989,2001-11-28,HIRESr
990,2001-12-02,HIRES/SSC
991,2002-01-03,HIRESb
992,2002-01-04,HIRESb
993,2002-01-27,DSM/HIRESr
994,2002-01-28,DSM/HIRESr
995,2002-01-29,HIRESr/DSM
996,2002-01-30,HIRESr/DSM
997,2002-01-31,HIRESr/DSM
998,2002-02-01,HIRESr
999,2002-02-02,HIRESr
1000,2002-02-03,HIRESr
1001,2002-02-04,HIRESr
1002,2002-02-23,HIRESr
1003,2002-02-24,HIRESr
1004,2002-02-25,HIRESr
1005,2002-02-26,HIRESr
1006,2002-02-27,HIRESr
1007,2002-02-28,HIRESr
1008,2002-03-01,HIRESr
1009,2002-03-02,HIRESr
1010,2002-03-28,DSM/HIRESr
1011,2002-03-29,DSM/HIRESr
1012,2002-03-30,DSM/HIRESr
1013,2002-04-02,HIRESb
1014,2002-04-03,HIRESb
1015,2002-04-04,HIRESb
1016,2002-04-05,HIRESb
1017,2002-04-24,DSM/HIRESr
1018,2002-04-25,DSM/HIRESr
1019,2002-04-28,HIRESr
1020,2002-04-29,HIRESr
1021,2002-04-30,HIRESr
1022,2002-05-01,HIRESr
1023,2002-05-02,HIRESb
1024,2002-05-03,HIRESb
1025,2002-05-04,HIRESb
1026,2002-05-18,HIRESr
1027,2002-05-19,HIRESr
1028,2002-05-20,HIRESr
1029,2002-05-21,HIRESr
1030,2002-06-17,HIRESr
1031,2002-06-18,HIRESr
1032,2002-06-19,HIRESr
1033,2002-06-20,HIRESr
1034,2002-06-30,HIRESr
1035,2002-07-01,HIRESr
1036,2002-07-24,HIRESr
1037,2002-07-25,HIRESr
1038,2002-07-26,HIRESr
1039,2002-07-27,HIRESr
1040,2002-07-30,HIRESr
1041,2002-07-31,HIRESr
1042,2002-08-01,HIRESr
1043,2002-08-02,HIRESr
1044,2002-08-03,HIRESr
1045,2002-08-26,HIRES/PCS/SSC
1046,2002-08-27,HIRESr
1047,2002-08-28,HIRESr
1048,2002-09-17,HIRESr
1049,2002-09-18,HIRESr
1050,2002-09-19,HIRESr
1051,2002-09-20,HIRESr
1052,2002-09-21,HIRESr
1053,2002-09-22,DSM/HIRESr
1054,2002-09-26,HIRESb
1055,2002-09-27,HIRESb
1056,2002-09-28,HIRESb
1057,2002-09-29,HIRESb
1058,2002-10-24,HIRESr
1059,2002-10-25,HIRESr
1060,2002-10-26,HIRESr
1061,2002-10-27,HIRESr
1062,2002-10-28,HIRESr
1063,2002-10-29,HIRESr
1064,2002-10-30,HIRESr
1065,2002-10-31,HIRESr
1066,2002-11-21,HIRESr
1067,2002-11-22,HIRESr
1068,2002-11-23,HIRESr
1069,2002-12-12,HIRESr
1070,2002-12-13,HIRESr
1071,2002-12-14,HIRESr
1072,2002-12-15,HIRESr
1073,2003-01-09,HIRESr
1074,2003-01-10,HIRESr
1075,2003-01-11,HIRESr
1076,2003-01-12,HIRESr
1077,2003-01-13,HIRESr
1078,2003-01-14,HIRESr/PCS
1079,2003-02-04,HIRESr
1080,2003-02-05,HIRESr
1081,2003-02-06,HIRESr
1082,2003-02-07,HIRESr
1083,2003-02-08,HIRESr
1084,2003-02-09,HIRESr
1085,2003-02-10,HIRESr
1086,2003-02-11,DSM/HIRESr
1087,2003-02-14,HIRESr
1088,2003-02-15,HIRESr
1089,2003-02-16,HIRESr
1090,2003-02-17,HIRESr
1091,2003-03-08,HIRESb
1092,2003-03-09,HIRESr
1093,2003-03-10,HIRESr
1094,2003-03-11,HIRESr
1095,2003-03-12,HIRESr
1096,2003-03-13,HIRESr
1097,2003-03-14,AO/HIRES
1098,2003-04-08,HIRESb
1099,2003-04-09,HIRESb
1100,2003-04-10,HIRESb
1101,2003-04-11,HIRESb
1102,2003-04-12,HIRESb
1103,2003-04-14,PCS-DSM/HIRES
1104,2003-05-07,HIRESr
1105,2003-05-08,HIRESr
1106,2003-05-16,PCS/HIRESr
1107,2003-05-17,HIRESr
1108,2003-05-18,PCS-DSM/HIRESr
1109,2003-06-05,HIRESb
1110,2003-06-06,HIRESr
1111,2003-06-07,HIRESr
1112,2003-06-08,HIRESr
1113,2003-06-09,HIRESr
1114,2003-06-10,HIRESr
1115,2003-06-11,HIRESb
1116,2003-06-12,HIRESr
1117,2003-06-13,HIRESr
1118,2003-06-14,HIRESr
1119,2003-06-15,HIRESr
1120,2003-06-16,HIRESb
1121,2003-06-20,HIRESr
1122,2003-06-21,HIRESr
1123,2003-06-22,HIRESr
1124,2003-06-23,HIRESr
1125,2003-06-24,HIRESr
1126,2003-06-25,HIRESr
1127,2003-07-03,HIRESb
1128,2003-07-04,HIRESb
1129,2003-07-05,HIRESr
1130,2003-07-07,HIRESr
1131,2003-07-10,PCS/HIRESr
1132,2003-07-11,HIRESr
1133,2003-07-12,HIRESr
1134,2003-07-13,HIRESr
1135,2003-07-14,PCS-DSM/HIRESr
1136,2003-07-24,HIRESr
1137,2003-07-25,HIRESr
1138,2003-07-26,HIRESr
1139,2003-07-27,HIRESr
1140,2003-07-28,HIRESr
1141,2003-07-29,HIRESr
1142,2003-08-01,HIRESr
1143,2003-08-02,HIRESr
1144,2003-08-03,HIRESr
1145,2003-08-04,HIRESr
1146,2003-08-05,HIRESr
1147,2003-08-11,HIRESr
1148,2003-08-12,HIRESr
1149,2003-08-16,HIRESb
1150,2003-08-17,HIRESb
1151,2003-08-18,HIRESr
1152,2003-08-19,HIRESr
1153,2003-08-20,HIRESr
1154,2003-08-21,HIRESr
1155,2003-08-22,HIRESr
1156,2003-09-14,HIRESr
1157,2003-09-15,HIRESr
1158,2003-10-04,HIRESr
1159,2003-10-05,HIRESr
1160,2003-10-06,HIRESr
1161,2003-10-07,HIRESr
1162,2003-10-10,PCS/HIRESr
1163,2003-10-11,HIRESr
1164,2003-10-12,DSM/HIRESr
1165,2003-10-17,HIRESr
1166,2003-10-18,HIRESr
1167,2003-10-19,HIRESr
1168,2003-10-20,HIRESr
1169,2003-10-30,HIRESr
1170,2003-10-31,HIRESr
1171,2003-11-01,HIRESr
1172,2003-11-02,HIRESr
1173,2003-11-03,HIRESr
1174,2003-11-05,PCS/HIRES
1175,2003-11-17,HIRESr
1176,2003-11-18,HIRESr
1177,2003-12-10,HIRESb
1178,2003-12-11,HIRESr
1179,2003-12-12,HIRESr
1180,2003-12-13,HIRESr
1181,2003-12-14,HIRESr
1182,2003-12-15,HIRESr
1183,2003-12-16,HIRESr
1184,2003-12-17,HIRESr
1185,2003-12-24,HIRESr
1186,2003-12-25,HIRESr
1187,2003-12-26,HIRESr
1188,2003-12-27,HIRESr
1189,2003-12-28,HIRESr
1190,2003-12-29,HIRESr
1191,2003-12-30,HIRESr
1192,2003-12-31,HIRESr
1193,2004-01-09,HIRESr
1194,2004-01-10,HIRESr
1195,2004-01-11,HIRESr
1196,2004-01-12,HIRESr
1197,2004-01-13,HIRESr
1198,2004-02-04,HIRESr
1199,2004-02-05,HIRESr
1200,2004-02-06,HIRESr
1201,2004-02-07,HIRESr
1202,2004-02-08,HIRESr
1203,2004-02-09,HIRESr
1204,2004-02-28,HIRESr
1205,2004-02-29,HIRESr
1206,2004-03-01,HIRESr
1207,2004-03-02,HIRESr
1208,2004-03-03,DSM/HIRESr
1209,2004-03-06,HIRESr
1210,2004-03-07,HIRESr
1211,2004-03-08,DSM/HIRESr
1212,2004-03-09,HIRESr
1213,2004-03-10,HIRESb
1214,2004-03-11,HIRESr
1215,2004-03-12,HIRESr
1216,2004-03-13,HIRESr
1217,2004-03-14,HIRESr
1218,2004-03-29,HIRESr
1219,2004-03-30,HIRESr
1220,2004-03-31,DSM/HIRES
1221,2004-04-03,HIRESr
1222,2004-04-06,HIRESb
1223,2004-04-07,HIRESb
1224,2004-04-08,HIRESr
1225,2004-05-08,HIRESr
1226,2004-05-09,HIRESr
1227,2004-05-10,HIRESr
1228,2004-05-11,HIRESr
1229,2004-05-12,HIRESr
1230,2004-05-23,HIRESb
1231,2004-05-24,HIRESb
1232,2004-05-25,HIRESb
1233,2004-05-26,HIRESb
1234,2004-05-27,HIRESr
1235,2004-05-30,DSM/SSC/HIRESr
1236,2004-06-04,HIRESr
1237,2004-06-05,HIRESr
1238,2004-06-06,HIRESr
1239,2004-06-07,HIRESr
1240,2004-06-08,HIRESr
1241,2004-06-09,HIRESr
1242,2004-06-10,HIRESr
1243,2004-06-11,HIRESr
1244,2004-06-12,HIRESr
1245,2004-06-22,HIRESr
1246,2004-06-23,HIRESr
1247,2004-06-24,HIRESr
1248,2004-07-01,DSM/SSC/HIRES
1249,2004-07-02,HIRESr
1250,2004-07-03,HIRESr
1251,2004-07-04,HIRESr
1252,2004-07-05,HIRESr
1253,2004-07-06,HIRESr
1254,2004-07-07,HIRESr
1255,2004-07-08,HIRESr
1256,2004-07-09,HIRESr
1257,2004-07-10,HIRESr
1258,2004-07-11,HIRESr
1259,2004-07-12,HIRESr
1260,2004-07-18,HIRESr
1261,2004-07-19,HIRESr
1262,2004-07-20,HIRESr
1263,2004-07-21,HIRESr
1264,2004-07-22,HIRESr
1265,2004-07-23,HIRESr
1266,2004-08-18,HIRES
1267,2004-08-19,HIRES
1268,2004-08-20,HIRESr
1269,2004-08-21,HIRESr
1270,2004-08-22,HIRESr
1271,2004-08-23,HIRESr
1272,2004-08-24,HIRESr
1273,2004-09-01,DSM/HIRES
1274,2004-09-06,HIRESb
1275,2004-09-07,HIRESb
1276,2004-09-08,HIRESb
1277,2004-09-09,HIRESr
1278,2004-09-23,HIRESr
1279,2004-09-27,HIRESr
1280,2004-09-28,HIRESr
1281,2004-09-29,HIRESb
1282,2004-09-30,HIRESb
1283,2004-10-01,HIRESb
1284,2004-10-02,HIRESr
1285,2004-10-03,HIRESr
1286,2004-10-04,HIRESr
1287,2004-10-05,HIRESb
1288,2004-10-06,HIRESb
1289,2004-10-07,HIRESb
1290,2004-10-08,HIRESr
1291,2004-10-22,HIRESr
1292,2004-10-23,HIRESr
1293,2004-10-24,HIRESr
1294,2004-10-25,HIRESr
1295,2004-10-26,DSM/HIRESb-SSC
1296,2004-10-31,HIRESb
1297,2004-11-01,HIRESb
1298,2004-11-02,HIRESb
1299,2004-11-03,HIRESb
1300,2004-11-04,HIRESb
1301,2004-11-05,HIRESb
1302,2004-11-06,HIRESb
1303,2004-11-17,HIRESb
1304,2004-11-18,HIRESr
1305,2004-11-19,HIRESr
1306,2004-11-20,HIRESr
1307,2004-11-28,HIRESr
1308,2004-11-29,HIRESr
1309,2004-11-30,HIRESr
1310,2004-12-01,HIRES/OHANA
1311,2004-12-27,HIRESr
1312,2004-12-28,HIRESr
1313,2004-12-29,HIRESr
1314,2004-12-30,HIRESr
1315,2004-12-31,HIRESr
1316,2005-01-01,HIRESr
1317,2005-01-02,HIRESr
1318,2005-01-03,HIRESr
1319,2005-01-04,HIRESr
1320,2005-01-15,HIRESr
1321,2005-01-16,HIRESr
1322,2005-01-17,HIRESr
1323,2005-01-18,HIRESr
1324,2005-01-26,HIRESr
1325,2005-01-27,HIRESr
1326,2005-01-28,HIRESr
1327,2005-01-29,HIRESr
1328,2005-01-30,HIRESb
1329,2005-01-31,OHANA/HIRESb-SSC
1330,2005-02-13,HIRESr
1331,2005-02-14,HIRESr
1332,2005-02-15,HIRESr
1333,2005-02-16,HIRESr
1334,2005-02-17,HIRESb
1335,2005-02-20,SSC-PCS/HIRESb
1336,2005-02-21,SSC/HIRESb
1337,2005-02-22,HIRESr
1338,2005-02-23,HIRESr
1339,2005-02-24,HIRESr
1340,2005-02-25,HIRESr
1341,2005-02-26,HIRESr
1342,2005-02-27,HIRESr
1343,2005-02-28,HIRESr
1344,2005-03-01,HIRESr
1345,2005-03-16,HIRESb
1346,2005-03-17,HIRESb
1347,2005-03-18,HIRESr
1348,2005-03-19,HIRESr
1349,2005-03-24,HIRESr
1350,2005-03-25,HIRESr
1351,2005-03-26,HIRESr
1352,2005-03-29,HIRESb
1353,2005-03-30,HIRESb
1354,2005-03-31,HIRESb
1355,2005-04-13,HIRESb
1356,2005-04-14,HIRESb
1357,2005-04-15,HIRESr
1358,2005-04-16,HIRESr
1359,2005-04-17,V2/HIRESr
1360,2005-04-18,V2/HIRESr
1361,2005-04-19,HIRESr/V2
1362,2005-04-22,HIRESr/PCS-SSC
1363,2005-04-27,HIRESb
1364,2005-04-28,HIRESb
1365,2005-04-29,HIRESb
1366,2005-04-30,HIRESb
1367,2005-05-01,HIRESb
1368,2005-05-02,HIRESb
1369,2005-05-14,HIRESb
1370,2005-05-15,HIRESb
1371,2005-05-16,HIRESb
1372,2005-05-17,HIRESr
1373,2005-05-18,HIRESb
1374,2005-05-19,Nuller/HIRESb
1375,2005-05-28,HIRESb
1376,2005-05-29,HIRESb
1377,2005-05-30,HIRESb
1378,2005-05-31,HIRESb
1379,2005-06-10,HIRESr
1380,2005-06-11,HIRESr
1381,2005-06-12,HIRESr
1382,2005-06-13,HIRESr
1383,2005-06-14,HIRESr
1384,2005-06-15,HIRESr
1385,2005-06-16,HIRESr
1386,2005-06-24,HIRESr
1387,2005-06-25,HIRESr
1388,2005-06-26,HIRESr
1389,2005-06-27,HIRESr
1390,2005-06-28,HIRESr
1391,2005-06-29,HIRESr
1392,2005-06-30,HIRESr
1393,2005-07-01,HIRESr
1394,2005-07-02,HIRESr
1395,2005-07-03,HIRESb
1396,2005-07-04,HIRESb
1397,2005-07-05,HIRESb
1398,2005-07-12,HIRESb
1399,2005-07-13,HIRESr
1400,2005-07-14,HIRESr
1401,2005-07-15,HIRESr
1402,2005-07-16,HIRESr
1403,2005-07-17,HIRESr
1404,2005-07-18,HIRESr
1405,2005-07-23,HIRESr
1406,2005-07-24,HIRESr
1407,2005-08-06,HIRESb
1408,2005-08-07,HIRESb
1409,2005-08-08,HIRESb
1410,2005-08-09,HIRESb
1411,2005-08-10,HIRESb
1412,2005-08-11,HIRESb
1413,2005-08-12,HIRESb
1414,2005-08-13,HIRESr
1415,2005-08-14,HIRESr
1416,2005-08-19,HIRESr
1417,2005-08-20,HIRESr
1418,2005-08-21,HIRESr
1419,2005-09-24,HIRESr
1420,2005-09-25,HIRESb
1421,2005-09-26,HIRESb
1422,2005-09-27,HIRESb
1423,2005-09-28,HIRESb
1424,2005-10-07,HIRESb
1425,2005-10-08,HIRESb
1426,2005-10-09,HIRESb
1427,2005-10-10,HIRESr
1428,2005-10-11,HIRESr
1429,2005-10-12,HIRESr
1430,2005-10-16,Nuller/HIRESr/PCS/SSC
1431,2005-10-20,HIRESr
1432,2005-10-21,HIRESr
1433,2005-10-22,V2/HIRESr/PCS/SSC
1434,2005-10-25,HIRESb
1435,2005-10-26,HIRESb
1436,2005-10-27,HIRESb
1437,2005-11-07,HIRESr
1438,2005-11-08,HIRESr
1439,2005-11-09,HIRESr
1440,2005-11-10,HIRESr/PCS/SSC
1441,2005-11-13,HIRESr
1442,2005-11-17,HIRESr
1443,2005-11-18,HIRESr
1444,2005-11-19,HIRESr
1445,2005-11-20,HIRESr
1446,2005-11-21,HIRESr
1447,2005-11-22,HIRESr
1448,2005-11-23,HIRESb
1449,2005-11-24,HIRESb
1450,2005-12-05,HIRESb
1451,2005-12-06,HIRESb
1452,2005-12-07,HIRESr
1453,2005-12-08,HIRESr
1454,2005-12-09,HIRESr
1455,2005-12-10,HIRESr
1456,2005-12-11,HIRESr
1457,2005-12-12,HIRESr
1458,2005-12-17,HIRESr
1459,2005-12-18,HIRESr
1460,2005-12-19,HIRESr
1461,2005-12-20,HIRESr
1462,2005-12-21,HIRESr
1463,2005-12-22,HIRESr
1464,2005-12-23,HIRESr
1465,2005-12-24,HIRESr
1466,2005-12-25,HIRESr
1467,2005-12-26,HIRESr
1468,2005-12-27,HIRESr
1469,2006-01-01,HIRESb
1470,2006-01-02,HIRESb
1471,2006-01-03,HIRESb
1472,2006-01-04,HIRESr
1473,2006-01-08,HIRESr
1474,2006-01-09,HIRESr
1475,2006-01-10,HIRESr
1476,2006-01-11,HIRESr
1477,2006-01-12,HIRESr
1478,2006-01-13,HIRESr
1479,2006-01-14,HIRESr
1480,2006-01-15,HIRESr
1481,2006-01-16,HIRESr
1482,2006-01-17,HIRESr
1483,2006-01-18,HIRESr
1484,2006-01-19,HIRESr
1485,2006-01-20,HIRESb
1486,2006-01-21,HIRESb
1487,2006-02-08,HIRESr
1488,2006-02-09,HIRESr
1489,2006-02-10,HIRESr
1490,2006-02-11,HIRESr
1491,2006-02-12,HIRESr
1492,2006-02-13,Nuller/HIRESr/PCS
1493,2006-02-16,HIRESr
1494,2006-02-17,HIRESr
1495,2006-02-18,HIRESr
1496,2006-02-19,HIRESb
1497,2006-03-05,HIRESr
1498,2006-03-06,HIRESr
1499,2006-03-07,HIRESr
1500,2006-03-08,HIRESr
1501,2006-03-09,HIRESr
1502,2006-03-10,HIRESr
1503,2006-03-11,HIRESr
1504,2006-03-18,HIRESr
1505,2006-03-19,HIRESb
1506,2006-04-05,HIRESb
1507,2006-04-06,HIRESr
1508,2006-04-11,HIRESr
1509,2006-04-15,HIRESr
1510,2006-04-16,HIRESb
1511,2006-04-17,HIRESb
1512,2006-04-18,HIRESb
1513,2006-04-19,HIRESr
1514,2006-04-20,HIRESr
1515,2006-05-06,HIRESr
1516,2006-05-07,HIRESr
1517,2006-05-10,HIRESr
1518,2006-05-11,HIRESr
1519,2006-05-12,HIRESr
1520,2006-05-13,HIRESr
1521,2006-05-18,HIRESr
1522,2006-06-01,HIRESb
1523,2006-06-02,HIRESb
1524,2006-06-03,HIRESr
1525,2006-06-04,HIRESr
1526,2006-06-05,HIRESr
1527,2006-06-09,HIRESr
1528,2006-06-10,HIRESr
1529,2006-06-11,Nuller/HIRESr
1530,2006-06-15,HIRESr
1531,2006-06-16,HIRESb
1532,2006-06-17,HIRESb
1533,2006-06-18,HIRESb
1534,2006-07-01,HIRESb
1535,2006-07-02,HIRESr
1536,2006-07-08,PCS/HIRESr
1537,2006-07-09,HIRESr
1538,2006-07-10,HIRESr
1539,2006-07-14,HIRESr
1540,2006-07-15,HIRESr
1541,2006-07-16,HIRESr
1542,2006-07-17,HIRESr
1543,2006-07-30,HIRESr
1544,2006-07-31,HIRESr
1545,2006-08-01,HIRESr
1546,2006-08-02,HIRESr
1547,2006-08-03,HIRESr
1548,2006-08-10,PCS/HIRESr
1549,2006-08-11,HIRESr
1550,2006-08-12,HIRESr
1551,2006-08-13,HIRESr
1552,2006-08-14,HIRESr
1553,2006-08-15,HIRESr
1554,2006-08-16,HIRESb
1555,2006-08-17,HIRESb
1556,2006-08-18,HIRESb
1557,2006-08-19,HIRESb
1558,2006-08-20,HIRESr
1559,2006-08-28,HIRESr
1560,2006-08-29,HIRESr
1561,2006-08-30,HIRESr
1562,2006-08-31,HIRESr
1563,2006-09-01,HIRESr
1564,2006-09-02,HIRESr
1565,2006-09-03,HIRESr
1566,2006-09-04,HIRESr
1567,2006-09-05,HIRESr
1568,2006-09-08,PCS/HIRESr
1569,2006-09-09,HIRESr
1570,2006-09-10,HIRESr
1571,2006-09-11,HIRESr
1572,2006-09-12,HIRESr
1573,2006-09-13,HIRESr
1574,2006-09-14,HIRESr
1575,2006-09-28,HIRESb
1576,2006-09-29,HIRESb
1577,2006-09-30,HIRESb
1578,2006-10-01,HIRESb
1579,2006-10-02,HIRESr
1580,2006-10-10,HIRESr
1581,2006-10-12,HIRESr
1582,2006-10-13,HIRESr
1583,2006-10-14,HIRESr
1584,2006-10-15,HIRESb
1585,2006-10-16,HIRESr
1586,2006-10-17,HIRESr
1587,2006-10-30,HIRESb
1588,2006-10-31,HIRESb
1589,2006-11-04,Nuller/HIRES/PCS-SSC
1590,2006-11-07,HIRESr
1591,2006-11-12,HIRESr
1592,2006-11-13,HIRESr
1593,2006-11-27,HIRESr
1594,2006-11-29,HIRESr
1595,2006-11-30,HIRESr
1596,2006-12-05,HIRESb
1597,2006-12-06,HIRESr
1598,2006-12-09,HIRESr
1599,2006-12-10,HIRESr
1600,2006-12-11,HIRESr
1601,2006-12-12,HIRESr
1602,2006-12-13,HIRESr
1603,2006-12-14,HIRESr
1604,2006-12-15,HIRESr
1605,2006-12-25,HIRESb
1606,2006-12-26,HIRESr
1607,2006-12-27,HIRESr
1608,2006-12-31,HIRESr
1609,2007-01-01,HIRESr
1610,2007-01-02,HIRES/SSC-PCS
1611,2007-01-04,PCS/HIRES
1612,2007-01-05,HIRESr
1613,2007-01-06,HIRESr
1614,2007-01-07,HIRESr
1615,2007-01-08,HIRESr
1616,2007-01-09,HIRESr
1617,2007-01-10,HIRESr
1618,2007-01-11,HIRESb
1619,2007-01-28,HIRESr
1620,2007-01-29,HIRESr
1621,2007-01-30,HIRESr
1622,2007-02-02,HIRESr
1623,2007-02-03,Nuller/PCS-SSC/HIRES
1624,2007-02-06,HIRESr
1625,2007-02-24,HIRESr
1626,2007-02-25,HIRESr
1627,2007-03-26,HIRESr
1628,2007-03-27,HIRESr
1629,2007-03-28,HIRESr
1630,2007-04-06,HIRESb
1631,2007-04-07,HIRESb
1632,2007-04-08,HIRESb
1633,2007-04-09,HIRESb
1634,2007-04-10,HIRESb
1635,2007-04-23,HIRESb
1636,2007-04-24,HIRESr
1637,2007-04-25,HIRESr
1638,2007-04-26,HIRESr
1639,2007-04-27,HIRESr
1640,2007-05-02,HIRESr
1641,2007-05-03,HIRESb
1642,2007-05-04,HIRESb
1643,2007-05-05,HIRESb
1644,2007-05-06,HIRESb
1645,2007-05-23,HIRESr
1646,2007-05-24,HIRESr
1647,2007-05-25,HIRESr
1648,2007-05-26,HIRESr
1649,2007-05-27,HIRESr
1650,2007-05-28,HIRESr
1651,2007-05-29,HIRESr
1652,2007-05-30,HIRESr
1653,2007-06-03,HIRESr
1654,2007-06-04,HIRESr
1655,2007-06-05,HIRESr
1656,2007-06-06,HIRESr
1657,2007-06-07,HIRESb
1658,2007-06-08,HIRESb
1659,2007-06-09,HIRESb
1660,2007-06-21,HIRESb
1661,2007-06-22,HIRESb
1662,2007-06-23,HIRESb
1663,2007-06-24,HIRESr
1664,2007-06-25,HIRESr
1665,2007-06-26,HIRESr
1666,2007-06-27,HIRESr
1667,2007-06-28,HIRESr
1668,2007-07-03,HIRESr
1669,2007-07-04,HIRESr
1670,2007-07-05,HIRESr
1671,2007-07-06,HIRESr
1672,2007-07-07,HIRESr
1673,2007-07-08,HIRESr
1674,2007-07-09,HIRESr
1675,2007-07-10,HIRESr
1676,2007-07-11,HIRESr
1677,2007-07-12,HIRESr
1678,2007-07-18,HIRESr
1679,2007-07-20,HIRESr
1680,2007-07-21,HIRESr
1681,2007-07-22,HIRESr
1682,2007-07-23,HIRESr
1683,2007-07-24,HIRESr
1684,2007-07-25,HIRESr
1685,2007-07-26,HIRESr
1686,2007-07-27,HIRESr
1687,2007-07-28,HIRESr
1688,2007-07-29,HIRESr
1689,2007-07-30,HIRESr
1690,2007-07-31,HIRESr
1691,2007-08-01,HIRESr
1692,2007-08-02,Nuller/HIRESr
1693,2007-08-05,HIRESr
1694,2007-08-06,HIRESr
1695,2007-08-07,HIRESb
1696,2007-08-21,HIRESr
1697,2007-08-22,HIRESr
1698,2007-08-23,HIRESr
1699,2007-08-24,HIRESr
1700,2007-08-25,HIRESr
1701,2007-08-26,HIRESr
1702,2007-08-30,HIRESr
1703,2007-08-31,HIRESr
1704,2007-09-01,HIRESr
1705,2007-09-02,HIRESr
1706,2007-09-03,HIRESr
1707,2007-09-04,HIRESr
1708,2007-09-05,HIRESr
1709,2007-09-16,HIRESb
1710,2007-09-17,HIRESr
1711,2007-09-18,HIRESr
1712,2007-09-19,HIRESr
1713,2007-09-20,HIRESr
1714,2007-09-21,HIRESr
1715,2007-09-26,HIRESr
1716,2007-09-27,HIRESr
1717,2007-09-28,HIRESr
1718,2007-09-29,HIRESr
1719,2007-09-30,HIRESr
1720,2007-10-01,HIRESr
1721,2007-10-02,HIRESr
1722,2007-10-17,HIRESb
1723,2007-10-18,HIRESb
1724,2007-10-19,HIRESb
1725,2007-10-22,HIRESr
1726,2007-10-23,HIRESr
1727,2007-10-24,HIRESr
1728,2007-10-25,HIRESr
1729,2007-10-26,V2/HIRESr
1730,2007-10-28,HIRESb
1731,2007-10-29,HIRESb
1732,2007-11-05,HIRESb
1733,2007-11-18,HIRESb
1734,2007-11-19,HIRESb
1735,2007-11-20,HIRESb
1736,2007-11-21,HIRESr
1737,2007-11-22,HIRESr
1738,2007-11-23,HIRESr
1739,2007-11-24,HIRESr
1740,2007-11-25,HIRESr
1741,2007-11-29,HIRESr
1742,2007-11-30,HIRESb
1743,2007-12-01,HIRESb
1744,2007-12-02,HIRESr
1745,2007-12-18,HIRESr
1746,2007-12-19,HIRESr
1747,2007-12-20,HIRESr
1748,2007-12-21,HIRESr
1749,2007-12-22,HIRESr
1750,2007-12-23,HIRESr
1751,2007-12-24,HIRESr
1752,2007-12-25,HIRESr
1753,2007-12-26,HIRESr
1754,2007-12-27,HIRESr
1755,2007-12-28,HIRESr
1756,2007-12-29,HIRESr
1757,2007-12-30,HIRESr
1758,2007-12-31,HIRESr
1759,2008-01-01,HIRESr
1760,2008-01-02,HIRESr
1761,2008-01-10,HIRESb
1762,2008-01-11,HIRESb
1763,2008-01-12,HIRESb
1764,2008-01-13,HIRESb
1765,2008-01-14,HIRESb
1766,2008-01-15,HIRESb
1767,2008-01-16,HIRESr
1768,2008-01-17,HIRESr
1769,2008-01-18,HIRESr
1770,2008-01-19,HIRESr
1771,2008-01-21,HIRESr
1772,2008-01-22,HIRESr
1773,2008-01-23,HIRESr
1774,2008-01-24,HIRESr
1775,2008-01-25,HIRESr
1776,2008-01-26,HIRESr
1777,2008-01-27,HIRESb
1778,2008-02-12,HIRESb
1779,2008-02-13,HIRESb
1780,2008-02-14,Nuller/PCS/HIRESb
1781,2008-02-19,HIRESb
1782,2008-02-20,HIRESb
1783,2008-02-21,HIRESb
1784,2008-02-22,HIRESr
1785,2008-02-23,HIRESr
1786,2008-02-24,HIRESr
1787,2008-02-25,HIRESr
1788,2008-03-14,V2/PCS/HIRESr
1789,2008-03-17,HIRESr
1790,2008-03-18,HIRESr
1791,2008-03-19,HIRESr
1792,2008-03-20,HIRESr
1793,2008-03-21,HIRESr
1794,2008-03-22,HIRESr
1795,2008-03-23,HIRESr
1796,2008-03-24,HIRESr
1797,2008-03-25,HIRESr
1798,2008-03-26,HIRESr
1799,2008-03-27,HIRESb
1800,2008-03-28,HIRESb
1801,2008-04-17,HIRESr
1802,2008-04-18,HIRESr
1803,2008-04-19,HIRESr
1804,2008-04-20,HIRESr
1805,2008-04-21,HIRESr
1806,2008-04-22,V2/HIRES
1807,2008-04-25,HIRESb
1808,2008-05-13,HIRESr
1809,2008-05-14,HIRESr
1810,2008-05-15,HIRESr
1811,2008-05-16,HIRESr
1812,2008-05-17,HIRESr
1813,2008-05-18,HIRESr
1814,2008-05-22,HIRESb
1815,2008-06-09,HIRESr
1816,2008-06-10,HIRESr
1817,2008-06-11,HIRESr
1818,2008-06-12,HIRESr
1819,2008-06-13,HIRESr
1820,2008-06-14,HIRESr
1821,2008-06-15,HIRESr
1822,2008-06-16,HIRESr
1823,2008-06-17,HIRESr
1824,2008-06-18,HIRESr
1825,2008-06-19,HIRESr
1826,2008-06-20,HIRESr
1827,2008-06-21,HIRESr
1828,2008-06-22,HIRESr
1829,2008-06-23,HIRESr
1830,2008-06-24,HIRESr
1831,2008-06-25,HIRESr
1832,2008-06-26,HIRESr
1833,2008-07-03,HIRESr
1834,2008-07-04,HIRESr
1835,2008-07-05,HIRESr
1836,2008-07-06,HIRESr
1837,2008-07-07,HIRESr
1838,2008-07-08,HIRESr
1839,2008-07-09,HIRESr
1840,2008-07-10,HIRESr
1841,2008-07-11,HIRESr
1842,2008-07-17,HIRESr
1843,2008-07-18,HIRESr
1844,2008-07-19,HIRESr
1845,2008-07-21,HIRESr
1846,2008-07-22,HIRESr
1847,2008-07-23,HIRESr
1848,2008-07-24,HIRESr
1849,2008-07-25,HIRESr
1850,2008-07-26,HIRESr
1851,2008-07-27,HIRESr
1852,2008-08-05,HIRESb
1853,2008-08-06,HIRESb
1854,2008-08-07,HIRESr
1855,2008-08-08,HIRESr
1856,2008-08-09,HIRESr
1857,2008-08-10,HIRESr
1858,2008-08-11,HIRESr
1859,2008-08-12,HIRESr
1860,2008-08-13,HIRESr
1861,2008-08-19,HIRESr
1862,2008-08-20,HIRESr
1863,2008-08-21,HIRESr
1864,2008-08-22,HIRESr
1865,2008-08-23,HIRESr
1866,2008-08-24,HIRESr
1867,2008-08-25,HIRESr
1868,2008-09-05,HIRESr
1869,2008-09-06,HIRESr
1870,2008-09-07,HIRESr
1871,2008-09-08,HIRESr
1872,2008-09-09,HIRESr
1873,2008-09-10,HIRESr
1874,2008-09-11,HIRESr
1875,2008-09-12,HIRESr
1876,2008-09-13,HIRESr
1877,2008-09-14,HIRESr
1878,2008-09-15,HIRESr
1879,2008-09-16,HIRESr
1880,2008-09-17,HIRESr
1881,2008-09-18,HIRESr
1882,2008-09-19,HIRESr
1883,2008-09-20,HIRESr
1884,2008-09-21,HIRESr
1885,2008-09-22,HIRESr
1886,2008-09-23,HIRESb
1887,2008-09-24,HIRESb
1888,2008-10-05,HIRESb
1889,2008-10-06,HIRESr
1890,2008-10-07,HIRESr
1891,2008-10-08,HIRESr
1892,2008-10-09,HIRESr
1893,2008-10-10,HIRESr
1894,2008-10-11,Nuller/HIRESr
1895,2008-11-06,HIRESr
1896,2008-11-07,HIRESr
1897,2008-11-08,HIRESr
1898,2008-11-13,HIRESr
1899,2008-11-14,HIRESr
1900,2008-11-15,V2/HIRESr
1901,2008-11-18,HIRESr
1902,2008-11-19,HIRESr
1903,2008-12-02,HIRESr
1904,2008-12-03,HIRESr
1905,2008-12-04,HIRESr
1906,2008-12-05,HIRESr
1907,2008-12-06,HIRESr
1908,2008-12-07,HIRESr
1909,2008-12-08,HIRESr
1910,2008-12-09,HIRESr
1911,2008-12-10,PCS-V2/HIRESr
1912,2008-12-16,HIRESr/SSC
1913,2008-12-17,HIRESr
1914,2008-12-18,HIRESr
1915,2008-12-19,HIRESr
1916,2008-12-20,HIRESr
1917,2008-12-21,HIRESr
1918,2008-12-30,HIRESr
1919,2008-12-31,HIRESr
1920,2009-01-01,HIRESr
1921,2009-01-02,HIRESr
1922,2009-01-03,HIRESr
1923,2009-01-04,HIRESr
1924,2009-01-05,HIRESr
1925,2009-01-06,HIRESr
1926,2009-01-07,HIRESr
1927,2009-01-14,HIRESr
1928,2009-01-18,HIRESb
1929,2009-01-19,HIRESb
1930,2009-01-30,HIRESr
1931,2009-01-31,HIRESr
1932,2009-02-01,HIRESr
1933,2009-02-02,HIRESr
1934,2009-02-03,HIRESr
1935,2009-02-04,HIRESr
1936,2009-02-05,HIRESr
1937,2009-02-06,HIRESr
1938,2009-02-07,HIRESr
1939,2009-02-08,HIRESr
1940,2009-02-09,HIRESr
1941,2009-02-10,SHARC/PCS/HIRESr
1942,2009-02-11,HIRESr
1943,2009-02-13,HIRESr
1944,2009-03-04,HIRESb
1945,2009-03-05,HIRESb
1946,2009-03-06,HIRESr
1947,2009-03-08,HIRESr
1948,2009-03-09,HIRESr
1949,2009-03-10,HIRESr
1950,2009-03-11,SHARC/HIRESr
1951,2009-03-13,HIRESb
1952,2009-04-03,HIRESr
1953,2009-04-04,PCS-SHARC/HIRESr
1954,2009-04-05,HIRESr
1955,2009-04-06,HIRESr
1956,2009-04-07,HIRESr
1957,2009-04-08,HIRESr
1958,2009-04-09,HIRESr
1959,2009-04-10,HIRESr
1960,2009-04-11,HIRESr
1961,2009-04-12,HIRESr
1962,2009-05-02,HIRESr
1963,2009-05-03,HIRESr
1964,2009-05-04,HIRESr
1965,2009-05-09,HIRESr
1966,2009-05-10,HIRESr
1967,2009-05-11,HIRESr
1968,2009-05-15,V2/HIRESr
1969,2009-05-16,HIRESr
1970,2009-05-17,HIRESr
1971,2009-05-18,HIRESr
1972,2009-05-19,HIRESr
1973,2009-05-20,HIRESr
1974,2009-05-21,HIRESr
1975,2009-05-22,HIRESr
1976,2009-05-23,HIRESb
1977,2009-05-24,HIRESb
1978,2009-05-25,HIRESb
1979,2009-05-31,HIRESr
1980,2009-06-01,HIRESr
1981,2009-06-02,HIRESr
1982,2009-06-03,HIRESr
1983,2009-06-04,HIRESr
1984,2009-06-05,HIRESr
1985,2009-06-11,HIRESr
1986,2009-06-12,HIRESr
1987,2009-06-29,HIRESr
1988,2009-06-30,HIRESr
1989,2009-07-01,HIRESr
1990,2009-07-02,HIRESr
1991,2009-07-03,HIRESr
1992,2009-07-05,Nuller/HIRESr
1993,2009-07-08,HIRESr
1994,2009-07-09,HIRESr
1995,2009-07-10,HIRESr
1996,2009-07-11,HIRESr
1997,2009-07-12,HIRESr
1998,2009-07-13,V2/HIRESr
1999,2009-07-15,V2/HIRESr
2000,2009-07-16,HIRESr
2001,2009-07-28,HIRESr
2002,2009-07-29,HIRESr
2003,2009-07-30,HIRESr
2004,2009-07-31,HIRESr
2005,2009-08-01,HIRESr
2006,2009-08-02,HIRESr
2007,2009-08-03,HIRESr
2008,2009-08-04,HIRESr
2009,2009-08-05,HIRESr
2010,2009-08-06,HIRESr
2011,2009-08-07,HIRESr
2012,2009-08-08,HIRESr
2013,2009-08-09,HIRESr
2014,2009-08-11,HIRESb
2015,2009-08-12,HIRESb
2016,2009-08-25,HIRESb
2017,2009-08-26,HIRESr
2018,2009-08-27,HIRESr
2019,2009-08-29,HIRESr
2020,2009-08-30,HIRESr
2021,2009-08-31,HIRESr
2022,2009-09-01,HIRESr
2023,2009-09-02,HIRESr
2024,2009-09-03,HIRESr
2025,2009-09-04,HIRESr
2026,2009-09-05,HIRESr
2027,2009-09-06,HIRESr
2028,2009-09-07,HIRESr
2029,2009-09-08,HIRESr
2030,2009-09-09,HIRESr
2031,2009-09-10,HIRESr
2032,2009-09-11,HIRESr
2033,2009-09-12,HIRESr
2034,2009-10-01,HIRESr
2035,2009-10-02,HIRESr
2036,2009-10-03,HIRESr
2037,2009-10-04,HIRESr
2038,2009-10-05,HIRESr
2039,2009-10-06,HIRESr
2040,2009-10-07,HIRESr
2041,2009-10-08,HIRESr
2042,2009-10-09,HIRESr
2043,2009-10-28,HIRESr
2044,2009-10-29,HIRESr
2045,2009-10-30,HIRESr
2046,2009-11-02,HIRESr
2047,2009-11-03,HIRESb
2048,2009-11-04,HIRESb
2049,2009-11-05,HIRESb
2050,2009-11-07,HIRESr/V2
2051,2009-11-08,V2/HIRESr
2052,2009-11-24,V2/HIRESr
2053,2009-11-27,HIRESr
2054,2009-11-28,HIRESr
2055,2009-11-29,HIRESr
2056,2009-11-30,HIRESr
2057,2009-12-01,HIRESr
2058,2009-12-02,HIRESr
2059,2009-12-03,HIRESr
2060,2009-12-04,HIRESr
2061,2009-12-05,HIRESr
2062,2009-12-06,HIRESr
2063,2009-12-07,HIRESr
2064,2009-12-08,HIRESb
2065,2009-12-09,HIRESb
2066,2009-12-10,HIRESb
2067,2009-12-11,HIRESb
2068,2009-12-12,HIRESb
2069,2009-12-13,ASTRA/HIRESb
2070,2009-12-21,HIRESr
2071,2009-12-22,HIRESr
2072,2009-12-23,HIRESr
2073,2009-12-24,HIRESr
2074,2009-12-25,HIRESr
2075,2009-12-26,HIRESr
2076,2009-12-27,HIRESr
2077,2009-12-28,HIRESr
2078,2009-12-30,HIRESr
2079,2009-12-31,HIRESr
2080,2010-01-01,HIRESr
2081,2010-01-02,SHARC-NGS/HIRESr
2082,2010-01-03,HIRESr
2083,2010-01-04,HIRESr
2084,2010-01-05,HIRESr
2085,2010-01-23,SHARC-NGS/PCS/HIRESr
2086,2010-01-24,HIRESr
2087,2010-01-25,HIRESr
2088,2010-01-26,HIRESr
2089,2010-01-27,HIRESr
2090,2010-01-31,SHARC-LGS/HIRESr
2091,2010-02-01,HIRESr
2092,2010-02-02,HIRESr
2093,2010-02-03,HIRESr
2094,2010-02-04,HIRESb
2095,2010-02-20,HIRESr
2096,2010-02-21,HIRESr
2097,2010-02-22,HIRESr
2098,2010-02-23,HIRESr
2099,2010-02-24,PCS/V2/SSC/HIRESr/ASTRA
2100,2010-02-27,HIRESr
2101,2010-02-28,HIRESr
2102,2010-03-01,HIRESr
2103,2010-03-02,HIRESr
2104,2010-03-03,HIRESr
2105,2010-03-04,HIRESr
2106,2010-03-05,HIRESr
2107,2010-03-25,HIRESb
2108,2010-03-26,HIRESb
2109,2010-03-27,HIRESb
2110,2010-03-28,HIRESr
2111,2010-03-29,HIRESr
2112,2010-03-31,SHARC-LGS/PCS/HIRESr
2113,2010-04-01,HIRESr
2114,2010-04-02,HIRESr
2115,2010-04-03,HIRESr
2116,2010-04-24,HIRESr
2117,2010-04-25,HIRESr
2118,2010-04-26,HIRESr
2119,2010-04-27,HIRESr
2120,2010-04-28,V2/HIRESr
2121,2010-04-30,V2/HIRESr
2122,2010-05-01,V2/HIRESr
2123,2010-05-02,HIRESr
2124,2010-05-03,HIRESr
2125,2010-05-04,HIRESr
2126,2010-05-20,HIRESb
2127,2010-05-21,HIRESr
2128,2010-05-22,HIRESr
2129,2010-05-23,HIRESr
2130,2010-05-24,HIRESr
2131,2010-05-25,HIRESr
2132,2010-05-26,HIRESr
2133,2010-05-27,HIRESr
2134,2010-05-28,HIRESr
2135,2010-06-02,HIRESr
2136,2010-06-03,HIRESr
2137,2010-06-04,HIRESr
2138,2010-06-18,HIRESr
2139,2010-06-19,HIRESr
2140,2010-06-20,HIRESr
2141,2010-06-21,HIRESr
2142,2010-06-22,HIRESr
2143,2010-06-23,HIRESr
2144,2010-06-24,HIRESr
2145,2010-06-25,HIRESr
2146,2010-06-26,HIRESr
2147,2010-06-27,HIRESr
2148,2010-06-28,HIRESr
2149,2010-06-29,HIRESr
2150,2010-06-30,HIRESr
2151,2010-07-01,HIRESr
2152,2010-07-02,HIRESr
2153,2010-07-03,HIRESb
2154,2010-07-04,HIRESb
2155,2010-07-05,HIRESb
2156,2010-07-17,HIRESr
2157,2010-07-18,HIRESr
2158,2010-07-21,HIRESr
2159,2010-07-22,HIRESr
2160,2010-07-23,HIRESr
2161,2010-07-24,HIRESr
2162,2010-07-25,HIRESr
2163,2010-07-26,HIRESr
2164,2010-07-27,HIRESr
2165,2010-07-28,HIRESr
2166,2010-07-29,HIRESr
2167,2010-07-30,HIRESr
2168,2010-07-31,HIRESr
2169,2010-08-01,HIRESr
2170,2010-08-02,HIRESr
2171,2010-08-03,HIRESr
2172,2010-08-04,HIRESr
2173,2010-08-05,HIRESr
2174,2010-08-16,HIRESr
2175,2010-08-17,HIRESr
2176,2010-08-18,HIRESr
2177,2010-08-19,HIRESr
2178,2010-08-20,HIRESr
2179,2010-08-21,HIRESr
2180,2010-08-22,HIRESr
2181,2010-08-23,HIRESr
2182,2010-08-24,HIRESr
2183,2010-08-25,HIRESr
2184,2010-08-26,HIRESr
2185,2010-08-27,HIRESr
2186,2010-08-28,HIRESr
2187,2010-08-29,HIRESr
2188,2010-08-30,HIRESr
2189,2010-08-31,HIRESr
2190,2010-09-01,HIRESb
2191,2010-09-15,HIRESr
2192,2010-09-16,HIRESr
2193,2010-09-22,HIRESr
2194,2010-09-23,HIRESr
2195,2010-09-24,HIRESr
2196,2010-09-25,HIRESr
2197,2010-09-26,HIRESr
2198,2010-09-27,HIRESr
2199,2010-09-28,HIRESr
2200,2010-09-29,HIRESr
2201,2010-09-30,HIRESr
2202,2010-10-01,HIRESr
2203,2010-10-14,HIRESr
2204,2010-10-15,HIRESr
2205,2010-10-16,HIRESr
2206,2010-10-17,HIRESr
2207,2010-10-18,ASTRA/HIRESr
2208,2010-10-19,HIRESr
2209,2010-10-20,HIRESr
2210,2010-10-24,HIRESb/V2-L
2211,2010-10-25,HIRESb
2212,2010-10-26,HIRESb
2213,2010-10-29,PCS/HIRESr
2214,2010-10-30,HIRESr
2215,2010-11-13,HIRESr
2216,2010-11-14,HIRESr
2217,2010-11-15,HIRESr
2218,2010-11-16,HIRESr
2219,2010-11-17,HIRESr
2220,2010-11-18,HIRESr
2221,2010-11-19,HIRESr
2222,2010-11-20,HIRESr
2223,2010-11-21,HIRESr
2224,2010-11-25,HIRESr/SSC
2225,2010-11-26,HIRESr
2226,2010-11-27,HIRESr
2227,2010-11-28,HIRESb
2228,2010-11-29,HIRESb
2229,2010-11-30,HIRESb
2230,2010-12-01,HIRESr
2231,2010-12-10,HIRESr
2232,2010-12-11,HIRESr
2233,2010-12-12,HIRESr
2234,2010-12-13,HIRESr
2235,2010-12-14,HIRESr
2236,2010-12-17,HIRESr
2237,2010-12-18,HIRESr
2238,2010-12-19,HIRESr
2239,2010-12-20,HIRESr
2240,2010-12-21,HIRESr
2241,2010-12-23,HIRESr
2242,2010-12-24,HIRESr
2243,2010-12-25,HIRESr
2244,2010-12-26,HIRESr
2245,2010-12-27,HIRESr
2246,2010-12-28,HIRESr
2247,2011-01-13,HIRESr
2248,2011-01-14,HIRESr
2249,2011-01-15,HIRESr
2250,2011-01-16,HIRESr
2251,2011-01-17,HIRESr
2252,2011-01-18,HIRESr
2253,2011-01-19,HIRESr
2254,2011-01-20,ASTRA/HIRESr
2255,2011-01-22,HIRESr
2256,2011-01-23,HIRESr
2257,2011-01-24,HIRESb
2258,2011-01-25,HIRESb
2259,2011-01-26,HIRESb
2260,2011-01-27,HIRESb
2261,2011-02-06,HIRESr
2262,2011-02-07,HIRESr
2263,2011-02-08,HIRESr
2264,2011-02-09,HIRESr
2265,2011-02-10,HIRESr
2266,2011-02-11,HIRESr
2267,2011-02-12,Nuller/PCS/HIRESr
2268,2011-02-13,Nuller/HIRESr
2269,2011-02-14,Nuller/HIRESr
2270,2011-02-15,SHARC/HIRESr
2271,2011-02-16,HIRESr
2272,2011-02-17,HIRESr
2273,2011-02-18,HIRESr
2274,2011-02-19,HIRESr
2275,2011-02-20,HIRESr
2276,2011-02-21,HIRESr
2277,2011-02-22,HIRESb
2278,2011-02-23,HIRESb
2279,2011-02-24,HIRESb
2280,2011-02-25,HIRESr
2281,2011-03-12,HIRESr
2282,2011-03-13,HIRESr
2283,2011-03-14,HIRESr
2284,2011-03-15,HIRESr
2285,2011-03-16,HIRESr
2286,2011-03-17,HIRESr
2287,2011-03-18,SHARC-LGS/HIRESr
2288,2011-03-21,HIRESb/V2-Lband
2289,2011-03-22,HIRESb/V2-Lband
2290,2011-03-23,HIRESr
2291,2011-03-24,HIRESr
2292,2011-04-08,HIRESr
2293,2011-04-09,HIRESr
2294,2011-04-10,HIRESr
2295,2011-04-11,HIRESr
2296,2011-04-12,HIRESr
2297,2011-04-15,PCS/SSC/HIRESr
2298,2011-04-16,HIRESr
2299,2011-04-17,HIRESr
2300,2011-04-18,HIRESr
2301,2011-04-19,HIRESr
2302,2011-04-20,HIRESr
2303,2011-04-21,HIRESr
2304,2011-04-22,HIRESr
2305,2011-04-23,HIRESr
2306,2011-05-06,HIRESr
2307,2011-05-07,HIRESr
2308,2011-05-08,HIRESr
2309,2011-05-09,HIRESr
2310,2011-05-10,HIRESr
2311,2011-05-14,HIRESr
2312,2011-05-15,HIRESr
2313,2011-05-16,HIRESr
2314,2011-05-17,HIRESr
2315,2011-05-18,HIRESr
2316,2011-05-20,HIRESr
2317,2011-05-21,HIRESr
2318,2011-05-22,HIRESr
2319,2011-05-23,HIRESr
2320,2011-05-24,HIRESr
2321,2011-05-25,HIRESr
2322,2011-06-03,HIRESr
2323,2011-06-04,HIRESr
2324,2011-06-05,HIRESr
2325,2011-06-06,HIRESr
2326,2011-06-07,HIRESr
2327,2011-06-08,HIRESr
2328,2011-06-09,HIRESr
2329,2011-06-10,HIRESr
2330,2011-06-12,V2/HIRESr
2331,2011-06-13,V2/HIRESr
2332,2011-06-14,SSC/HIRESr
2333,2011-06-15,HIRESr
2334,2011-06-17,SSC/PCS/HIRESr
2335,2011-06-18,HIRESr
2336,2011-06-20,HIRESr
2337,2011-06-21,HIRESr
2338,2011-06-22,HIRESr
2339,2011-06-25,HIRESr
2340,2011-06-26,HIRESr
2341,2011-06-27,HIRESr
2342,2011-07-04,HIRESb
2343,2011-07-05,HIRESb
2344,2011-07-06,HIRESr
2345,2011-07-07,HIRESr
2346,2011-07-08,HIRESr
2347,2011-07-09,HIRESr
2348,2011-07-10,HIRESr
2349,2011-07-11,HIRESr
2350,2011-07-15,PCS/HIRESr
2351,2011-07-16,HIRESr
2352,2011-07-17,HIRESr
2353,2011-07-18,HIRESr
2354,2011-07-19,HIRESr
2355,2011-07-20,HIRESr
2356,2011-07-21,HIRESr
2357,2011-07-23,HIRESr
2358,2011-07-24,HIRESr
2359,2011-07-25,HIRESr
2360,2011-07-26,HIRESr
2361,2011-07-27,HIRESr
2362,2011-07-29,HIRESb
2363,2011-07-30,HIRESb
2364,2011-08-02,HIRESr
2365,2011-08-03,HIRESr
2366,2011-08-04,HIRESr
2367,2011-08-05,HIRESr
2368,2011-08-06,HIRESr
2369,2011-08-07,HIRESr
2370,2011-08-08,HIRESr
2371,2011-08-11,PCS/SSC/HIRESr
2372,2011-08-13,HIRESr
2373,2011-08-14,HIRESr
2374,2011-08-15,HIRESr
2375,2011-08-16,HIRESr
2376,2011-08-17,HIRESr
2377,2011-08-18,HIRESr
2378,2011-08-19,HIRESr
2379,2011-08-20,HIRESr
2380,2011-08-21,HIRESr
2381,2011-08-22,HIRESr
2382,2011-08-23,HIRESr
2383,2011-08-24,HIRESr
2384,2011-09-01,HIRESr
2385,2011-09-02,HIRESr
2386,2011-09-03,HIRESr
2387,2011-09-04,HIRESr
2388,2011-09-05,HIRESr
2389,2011-09-06,HIRESr
2390,2011-09-08,HIRESr
2391,2011-09-09,HIRESr
2392,2011-09-16,PCS/SSC/HIRESr
2393,2011-09-17,PCS/SSC/HIRESr
2394,2011-09-19,HIRESr
2395,2011-09-20,HIRESr
2396,2011-09-21,HIRESr
2397,2011-09-22,HIRESr
2398,2011-10-02,HIRESr
2399,2011-10-03,HIRESr
2400,2011-10-04,HIRESr
2401,2011-10-05,HIRESr
2402,2011-10-06,HIRESr
2403,2011-10-07,HIRESr
2404,2011-10-08,HIRESr
2405,2011-10-11,V2-SPR/HIRESr
2406,2011-10-14,PCS/SSC/HIRESr
2407,2011-10-15,HIRESr
2408,2011-10-16,HIRESr
2409,2011-10-17,HIRESr
2410,2011-10-18,HIRESr
2411,2011-10-20,HIRESr
2412,2011-11-03,HIRESr
2413,2011-11-04,PCS/ASTRA/HIRESr
2414,2011-11-08,HIRESr
2415,2011-11-09,HIRESr
2416,2011-11-10,HIRESr
2417,2011-11-11,HIRESr
2418,2011-11-12,HIRESr
2419,2011-11-13,HIRESr
2420,2011-11-14,HIRESr
2421,2011-11-15,HIRESr
2422,2011-11-16,HIRESr
2423,2011-11-17,HIRESr
2424,2011-12-02,HIRESb
2425,2011-12-03,HIRESb
2426,2011-12-04,HIRESb
2427,2011-12-05,HIRESr
2428,2011-12-06,HIRESr
2429,2011-12-07,HIRESr
2430,2011-12-08,HIRESr
2431,2011-12-09,HIRESr
2432,2011-12-10,HIRESr
2433,2011-12-12,HIRESr
2434,2011-12-14,HIRESr
2435,2011-12-15,HIRESr
2436,2011-12-16,HIRESr
2437,2011-12-17,HIRESr
2438,2011-12-18,HIRESr
2439,2012-01-01,HIRESr
2440,2012-01-02,HIRESr
2441,2012-01-03,HIRESr
2442,2012-01-04,HIRESr
2443,2012-01-05,HIRESr
2444,2012-01-06,HIRESr
2445,2012-01-07,HIRESr
2446,2012-01-08,HIRESr
2447,2012-01-09,HIRESr
2448,2012-01-10,HIRESr
2449,2012-01-12,HIRESr
2450,2012-01-13,HIRESr
2451,2012-01-14,HIRESb
2452,2012-01-15,HIRESb
2453,2012-01-16,HIRESb
2454,2012-01-17,HIRESr
2455,2012-01-29,HIRESr
2456,2012-01-30,HIRESr
2457,2012-01-31,HIRESr
2458,2012-02-01,HIRESr
2459,2012-02-02,HIRESr
2460,2012-02-03,HIRESr
2461,2012-02-04,HIRESr
2462,2012-02-05,HIRESr
2463,2012-02-06,HIRESr
2464,2012-02-07,HIRESr
2465,2012-02-09,HIRESr/V2
2466,2012-02-12,HIRESr
2467,2012-02-13,HIRESr
2468,2012-02-14,HIRESr
2469,2012-03-01,HIRESr/OSIRIS-NGS
2470,2012-03-02,OSIRIS-NGS/HIRESr
2471,2012-03-03,HIRESr
2472,2012-03-04,HIRESr
2473,2012-03-05,HIRESr
2474,2012-03-06,HIRESr
2475,2012-03-07,HIRESr
2476,2012-03-08,HIRESr
2477,2012-03-09,HIRESr
2478,2012-03-12,HIRESr
2479,2012-03-13,HIRESb
2480,2012-03-29,HIRESb
2481,2012-03-30,HIRESb
2482,2012-03-31,HIRESr
2483,2012-04-01,HIRESr
2484,2012-04-06,HIRESr
2485,2012-04-07,HIRESr
2486,2012-04-08,HIRESr
2487,2012-04-09,HIRESr
2488,2012-04-10,HIRESb
2489,2012-04-11,HIRESb
2490,2012-04-12,HIRESb
2491,2012-04-13,HIRESb
2492,2012-04-14,HIRESb
2493,2012-05-11,HIRESb
2494,2012-05-12,HIRESb
2495,2012-05-13,HIRESb
2496,2012-05-24,HIRESr
2497,2012-05-25,HIRESr
2498,2012-05-26,HIRESr
2499,2012-05-27,HIRESr
2500,2012-05-28,HIRESr
2501,2012-05-31,HIRESr
2502,2012-06-18,HIRESr
2503,2012-06-19,HIRESr
2504,2012-06-20,HIRESr
2505,2012-06-21,HIRESr
2506,2012-06-22,HIRESr
2507,2012-06-23,HIRESr
2508,2012-06-24,OSIRIS-LGS/HIRESr
2509,2012-06-25,OSIRIS-LGS/HIRESr
2510,2012-06-30,HIRESr
2511,2012-07-01,HIRESr
2512,2012-07-02,HIRESr
2513,2012-07-03,HIRESr
2514,2012-07-04,HIRESr
2515,2012-07-05,HIRESr
2516,2012-07-06,HIRESr
2517,2012-07-07,HIRESr
2518,2012-07-08,HIRESr
2519,2012-07-09,HIRESr
2520,2012-07-13,HIRESr
2521,2012-07-24,HIRESr
2522,2012-07-25,HIRESr
2523,2012-07-26,HIRESr
2524,2012-07-28,V2-DFPR-LGS/HIRESr
2525,2012-07-29,V2-Lband/HIRESr
2526,2012-07-30,HIRESr
2527,2012-07-31,HIRESr
2528,2012-08-01,HIRESr
2529,2012-08-03,OSIRIS-NGS/HIRESr
2530,2012-08-04,HIRESr
2531,2012-08-05,HIRESr
2532,2012-08-06,OSIRIS-NGS/HIRESr
2533,2012-08-07,HIRESr
2534,2012-08-08,HIRESr
2535,2012-08-09,HIRESr
2536,2012-08-10,OSIRIS-NGS/HIRESr
2537,2012-08-11,OSIRIS-LGS/HIRESr
2538,2012-08-12,OSIRIS-LGS/HIRESr
2539,2012-08-13,OSIRIS-LGS/HIRESr
2540,2012-08-23,HIRESr
2541,2012-08-24,HIRESr
2542,2012-08-25,HIRESr
2543,2012-08-26,HIRESr
2544,2012-08-27,OSIRIS-NGS/HIRESr
2545,2012-08-28,HIRESr
2546,2012-08-29,HIRESr
2547,2012-08-30,HIRESr
2548,2012-08-31,OSIRIS-NGS/HIRESr
2549,2012-09-01,HIRESr
2550,2012-09-02,HIRESr
2551,2012-09-03,HIRESr
2552,2012-09-04,HIRESr/PCS
2553,2012-09-05,HIRESr
2554,2012-09-06,HIRESr
2555,2012-09-07,HIRESr
2556,2012-09-08,HIRESr
2557,2012-09-21,HIRESr
2558,2012-09-22,HIRESr
2559,2012-09-23,HIRESr
2560,2012-09-24,HIRESr
2561,2012-09-25,HIRESr
2562,2012-10-01,HIRESr
2563,2012-10-06,HIRESr
2564,2012-10-07,HIRESr
2565,2012-10-08,HIRESr
2566,2012-10-26,HIRESb
2567,2012-10-27,HIRESb
2568,2012-10-28,HIRESb
2569,2012-11-28,HIRESr
2570,2012-11-29,HIRESr
2571,2012-11-30,HIRESr
2572,2012-12-01,HIRESr
2573,2012-12-02,HIRESr/PCS+SSC
2574,2012-12-03,HIRESr
2575,2012-12-27,HIRESr
2576,2012-12-28,HIRESr
2577,2012-12-29,HIRESr
2578,2012-12-30,HIRESr
2579,2013-01-04,HIRESb
2580,2013-01-05,HIRESb
2581,2013-01-06,HIRESb
2582,2013-01-07,HIRESb
2583,2013-01-21,HIRESr
2584,2013-01-22,HIRESr
2585,2013-01-23,HIRESr
2586,2013-01-24,HIRESr
2587,2013-01-25,HIRESr
2588,2013-01-26,HIRESr
2589,2013-02-01,OSIRIS-NGS/HIRESr
2590,2013-02-02,OSIRIS-NGS/HIRESr
2591,2013-02-03,HIRESr
2592,2013-02-04,HIRESr
2593,2013-02-05,HIRESr
2594,2013-02-06,HIRESr
2595,2013-02-19,HIRESr
2596,2013-02-20,HIRESr
2597,2013-02-21,HIRESr
2598,2013-02-22,HIRESr
2599,2013-02-23,HIRESr
2600,2013-05-03,OSIRIS-NGS+HIRESb/HIRESb
2601,2013-05-04,HIRESb
2602,2013-05-05,HIRESb
2603,2013-05-06,HIRESb
2604,2013-05-07,HIRESb
2605,2013-05-18,HIRESr
2606,2013-05-19,HIRESr
2607,2013-05-20,HIRESr
2608,2013-05-23,PCS+SSC/HIRESr
2609,2013-06-02,HIRESr
2610,2013-06-03,HIRESr
2611,2013-06-04,HIRESr
2612,2013-06-05,HIRESr
2613,2013-06-06,HIRESr
2614,2013-06-07,HIRESr
2615,2013-06-24,HIRESr
2616,2013-06-27,PCS+SSC/HIRESr
2617,2013-06-28,HIRESr
2618,2013-06-29,HIRESr
2619,2013-06-30,HIRESr
2620,2013-07-01,HIRESr
2621,2013-07-02,HIRESr
2622,2013-07-03,HIRESr
2623,2013-07-04,HIRESr
2624,2013-07-05,HIRESr
2625,2013-07-06,HIRESr
2626,2013-07-07,HIRESr
2627,2013-07-08,HIRESr
2628,2013-07-09,HIRESr
2629,2013-07-10,HIRESr
2630,2013-07-11,HIRESr
2631,2013-07-12,HIRESr
2632,2013-07-13,HIRESr
2633,2013-07-14,HIRESr
2634,2013-07-15,HIRESr
2635,2013-07-18,PCS+SSC/HIRESr
2636,2013-07-19,HIRESr
2637,2013-07-20,HIRESr
2638,2013-07-23,OSIRIS-LGS/HIRESr
2639,2013-07-29,OSIRIS-LGS/HIRESr
2640,2013-08-01,HIRESr
2641,2013-08-02,HIRESr
2642,2013-08-07,HIRESr
2643,2013-08-08,HIRESr
2644,2013-08-13,HIRESr
2645,2013-08-14,HIRESr
2646,2013-08-15,HIRESr
2647,2013-08-16,HIRESr
2648,2013-08-17,HIRESr
2649,2013-08-18,HIRESr
2650,2013-08-19,HIRESr
2651,2013-08-20,HIRESr
2652,2013-08-21,PCS+SSC/HIRESr
2653,2013-08-23,PCS+SSC/HIRESr
2654,2013-08-24,HIRESr
2655,2013-08-25,HIRESr
2656,2013-08-26,HIRESr
2657,2013-08-27,HIRESr
2658,2013-08-28,HIRESr
2659,2013-08-29,HIRESr
2660,2013-09-11,HIRESr
2661,2013-09-12,HIRESr
2662,2013-09-13,HIRESr
2663,2013-09-14,HIRESr
2664,2013-09-15,HIRESr
2665,2013-09-16,HIRESr
2666,2013-09-17,PCS/HIRESr
2667,2013-09-18,PCS/HIRESr/OSIRIS-NGS
2668,2013-09-19,PCS/HIRESb/PCS
2669,2013-09-20,HIRESb
2670,2013-10-15,HIRESr
2671,2013-10-16,PCS+SSC/HIRESr
2672,2013-10-17,PCS+SSC/HIRESr
2673,2013-10-18,HIRESr
2674,2013-10-19,HIRESr
2675,2013-10-20,HIRESr
2676,2013-10-21,HIRESr
2677,2013-10-22,HIRESr
2678,2013-10-23,HIRESr
2679,2013-10-24,HIRESb
2680,2013-10-25,HIRESb
2681,2013-10-26,HIRESb
2682,2013-10-27,HIRESb
2683,2013-11-15,HIRESr
2684,2013-11-16,HIRESr
2685,2013-11-17,HIRESr
2686,2013-12-08,HIRESr
2687,2013-12-09,HIRESr
2688,2013-12-10,HIRESr
2689,2013-12-11,HIRESr
2690,2013-12-12,HIRESr
2691,2013-12-13,HIRESr
2692,2013-12-25,HIRESr
2693,2013-12-26,HIRESr
2694,2014-01-13,HIRESb
2695,2014-01-14,HIRESb/PCS/OSIRIS-NGS
2696,2014-01-15,HIRESb
2697,2014-01-16,HIRESr
2698,2014-01-17,HIRESr
2699,2014-01-18,HIRESr
2700,2014-02-19,HIRESr
2701,2014-02-20,HIRESr
2702,2014-03-02,HIRESb
2703,2014-03-03,HIRESb
2704,2014-03-04,HIRESb
2705,2014-05-21,HIRESb/OSIRIS-LGS
2706,2014-05-22,HIRESr/OSIRIS-LGS
2707,2014-05-23,HIRESr
2708,2014-06-16,HIRESr
2709,2014-06-17,HIRESr
2710,2014-06-18,HIRESr
2711,2014-06-19,HIRESr
2712,2014-06-20,HIRESr
2713,2014-06-21,HIRESr
2714,2014-07-02,OSIRIS-LGS/HIRESr
2715,2014-07-03,OSIRIS-LGS/HIRESr
2716,2014-07-04,HIRESr
2717,2014-07-05,HIRESr
2718,2014-07-06,HIRESr
2719,2014-07-07,HIRESr
2720,2014-07-08,HIRESr
2721,2014-07-09,HIRESr
2722,2014-07-10,HIRESr
2723,2014-07-11,HIRESr
2724,2014-07-12,HIRESr
2725,2014-07-13,HIRESr
2726,2014-07-14,HIRESr
2727,2014-07-15,HIRESr
2728,2014-07-16,HIRESr
2729,2014-07-21,OSIRIS-NGS/HIRESr
2730,2014-07-22,OSIRIS-NGS/HIRESr
2731,2014-07-23,HIRESr
2732,2014-07-24,HIRESr
2733,2014-07-25,HIRESr
2734,2014-07-26,HIRESr
2735,2014-07-27,HIRESr
2736,2014-08-01,OSIRIS-LGS/HIRESr
2737,2014-08-02,OSIRIS-LGS/HIRESr
2738,2014-08-03,OSIRIS-LGS/HIRESr
2739,2014-08-04,OSIRIS-LGS/HIRESr
2740,2014-08-08,HIRESr
2741,2014-08-09,HIRESr
2742,2014-08-10,HIRESr
2743,2014-08-11,HIRESr
2744,2014-08-12,HIRESr
2745,2014-08-13,HIRESr
2746,2014-08-18,HIRESr
2747,2014-08-19,HIRESr
2748,2014-08-20,HIRESr
2749,2014-08-21,HIRESr
2750,2014-08-22,HIRESr
2751,2014-08-23,HIRESr
2752,2014-08-24,HIRESr
2753,2014-08-25,HIRESr
2754,2014-09-05,HIRESr
2755,2014-09-06,HIRESr
2756,2014-09-07,HIRESr
2757,2014-09-08,HIRESr
2758,2014-09-09,HIRESr
2759,2014-09-10,HIRESr
2760,2014-09-11,HIRESr
2761,2014-09-12,HIRESr/PCS+SSC
2762,2014-10-14,HIRESr
2763,2014-10-15,HIRESr
2764,2014-10-16,HIRESr
2765,2014-10-17,HIRESb
2766,2014-10-18,HIRESb
2767,2014-11-12,HIRESr/OSIRIS-LGS
2768,2014-12-08,HIRESr
2769,2014-12-09,HIRESr
2770,2014-12-10,HIRESr
2771,2014-12-24,HIRESb
2772,2014-12-25,HIRESb
2773,2014-12-26,HIRESb
2774,2014-12-27,HIRESb
2775,2015-01-22,HIRESr
2776,2015-01-23,HIRESr
2777,2015-01-24,HIRESr
2778,2015-02-02,HIRESr/OSIRIS-LGS
2779,2015-02-03,HIRESr
2780,2015-02-04,HIRESr
2781,2015-02-05,HIRESr/OSIRIS-LGS
2782,2015-02-06,HIRESr
2783,2015-02-07,HIRESr
2784,2015-02-08,HIRESr/OSIRIS-LGS
2785,2015-02-10,HIRESr
2786,2015-03-02,OSIRIS-NGS+HIRESr
2787,2015-03-05,HIRESr
2788,2015-04-08,OSIRIS-LGS/HIRESr
2789,2015-04-09,OSIRIS-LGS/HIRESb
2790,2015-04-10,HIRESb
2791,2015-04-11,HIRESb
2792,2015-05-02,HIRESr
2793,2015-05-07,PCS+SSC/HIRESr
2794,2015-05-13,HIRESr/OSIRIS-LGS
2795,2015-05-14,HIRESr
2796,2015-05-31,HIRESr
2797,2015-06-01,HIRESr
2798,2015-06-05,HIRESr
2799,2015-06-22,HIRESr
2800,2015-06-23,HIRESr
2801,2015-06-24,HIRESr
2802,2015-06-25,HIRESr
2803,2015-06-26,HIRESr
2804,2015-06-27,HIRESr
2805,2015-06-28,HIRESr
2806,2015-06-29,HIRESr
2807,2015-07-02,PCS+SSC/HIRESr
2808,2015-07-03,HIRESr
2809,2015-07-04,HIRESr
2810,2015-07-05,HIRESr
2811,2015-07-06,HIRESr
2812,2015-07-07,HIRESr
2813,2015-07-08,HIRESr
2814,2015-07-09,HIRESr/PCS
2815,2015-07-10,HIRESr/PCS
2816,2015-07-11,HIRESr/PCS
2817,2015-07-12,HIRESr
2818,2015-07-13,HIRESr/OSIRIS-LGS/HIRESr
2819,2015-07-17,OSIRIS-LGS/HIRESr
2820,2015-07-18,OSIRIS-LGS/HIRESr
2821,2015-07-23,OSIRIS-LGS/HIRESr
2822,2015-07-24,OSIRIS-NGS/HIRESr
2823,2015-07-25,HIRESr
2824,2015-07-26,HIRESr
2825,2015-07-27,OSIRIS-NGS/OSIRIS-LGS/HIRESr
2826,2015-07-28,HIRESr
2827,2015-07-29,PCS+SSC/HIRESr
2828,2015-07-31,PCS+SSC/HIRESr
2829,2015-08-01,HIRESr
2830,2015-08-02,HIRESr
2831,2015-08-03,HIRESr
2832,2015-08-04,OSIRIS-LGS/HIRESr
2833,2015-08-05,OSIRIS-NGS+HIRESr
2834,2015-08-07,OSIRIS-LGS/HIRESr
2835,2015-08-09,HIRESr
2836,2015-08-10,HIRESr
2837,2015-08-11,OSIRIS-LGS/HIRESr
2838,2015-08-14,OSIRIS-NGS/HIRESr
2839,2015-08-16,HIRESr
2840,2015-08-17,HIRESr/OSIRIS-NGS
2841,2015-08-18,HIRESr
2842,2015-08-19,HIRESr
2843,2015-08-20,HIRESr
2844,2015-08-21,HIRESr
2845,2015-08-26,PCS/HIRESr
2846,2015-08-27,HIRESr/OSIRIS-NGS
2847,2015-08-29,OSIRIS-LGS/HIRESr
2848,2015-08-30,HIRESr
2849,2015-08-31,HIRESr
2850,2015-09-01,HIRESr
2851,2015-09-19,HIRESr
2852,2015-09-23,HIRESr
2853,2015-09-24,HIRESr
2854,2015-09-25,HIRESr
2855,2015-09-26,HIRESr
2856,2015-09-27,HIRESr
2857,2015-09-28,HIRESr
2858,2015-09-29,PCS+SSC/PCS/HIRESr
2859,2015-09-30,PCS+SSC/HIRESr
2860,2015-10-02,HIRESr
2861,2015-10-03,HIRESr
2862,2015-10-04,HIRESr
2863,2015-10-05,HIRESr
2864,2015-10-26,HIRESr
2865,2015-10-29,HIRESr
2866,2015-10-30,HIRESr
2867,2015-10-31,HIRESr
2868,2015-11-01,HIRESr
2869,2015-11-12,HIRESr
2870,2015-11-13,HIRESb
2871,2015-11-14,HIRESb
2872,2015-11-18,HIRESr
2873,2015-11-25,OSIRIS-LGS/PCS/HIRESr
2874,2015-11-26,HIRESr
2875,2015-11-27,HIRESr
2876,2015-11-28,HIRESr
2877,2015-12-12,HIRESr
2878,2015-12-13,HIRESr
2879,2015-12-14,HIRESr
2880,2015-12-20,HIRESr
2881,2015-12-21,HIRESr
2882,2015-12-22,PCS/HIRESr
2883,2015-12-23,HIRESr
2884,2015-12-25,HIRESr
2885,2015-12-26,HIRESr
2886,2015-12-27,HIRESr
2887,2015-12-28,HIRESr
2888,2016-01-13,HIRESr
2889,2016-01-23,HIRESr
2890,2016-01-24,HIRESr
2891,2016-01-25,HIRESr
2892,2016-01-26,HIRESr
2893,2016-02-01,HIRESr
2894,2016-02-02,HIRESr
2895,2016-02-03,HIRESr
2896,2016-02-04,HIRESr
2897,2016-02-20,PCS/HIRESr
2898,2016-02-28,HIRESr
2899,2016-02-29,HIRESb
2900,2016-03-01,HIRESb
2901,2016-03-02,HIRESb
2902,2016-03-29,HIRESr
2903,2016-03-30,HIRESb
2904,2016-03-31,HIRESb
2905,2016-04-01,HIRESb
2906,2016-05-11,HIRESr
2907,2016-05-12,HIRESr
2908,2016-05-16,HIRESr
2909,2016-05-17,HIRESr
2910,2016-05-18,HIRESr
2911,2016-05-19,HIRESr
2912,2016-05-31,HIRESb
2913,2016-06-01,HIRESb
2914,2016-06-02,HIRESb
2915,2016-06-13,HIRESr
2916,2016-06-14,HIRESr
2917,2016-06-15,HIRESr
2918,2016-06-16,HIRESr
2919,2016-06-21,HIRESr
2920,2016-06-22,HIRESr/OSIRIS-NGS
2921,2016-06-27,HIRESr
2922,2016-06-28,HIRESr
2923,2016-06-29,HIRESr
2924,2016-06-30,HIRESr
2925,2016-07-07,HIRESr
2926,2016-07-08,HIRESr
2927,2016-07-09,HIRESr
2928,2016-07-10,OSIRIS-LGS/HIRESr
2929,2016-07-11,OSIRIS-LGS/HIRESr
2930,2016-07-12,HIRESr
2931,2016-07-13,HIRESr
2932,2016-07-14,HIRESr
2933,2016-07-15,HIRESr
2934,2016-07-16,HIRESr
2935,2016-07-17,HIRESr
2936,2016-07-21,OSIRIS-LGS/HIRESr
2937,2016-07-22,OSIRIS-LGS/HIRESr
2938,2016-07-23,OSIRIS-LGS/HIRESr
2939,2016-07-24,HIRESr
2940,2016-07-25,HIRESr
2941,2016-07-26,HIRESr
2942,2016-07-27,HIRESr
2943,2016-07-28,HIRESr
2944,2016-07-29,HIRESr
2945,2016-07-30,HIRESr
2946,2016-07-31,HIRESr
2947,2016-08-06,HIRESr
2948,2016-08-07,HIRESr
2949,2016-08-11,HIRESr/OSIRIS-LGS
2950,2016-08-12,OSIRIS-LGS/HIRESr
2951,2016-08-13,HIRESr
2952,2016-08-14,HIRESr/OSIRIS-LGS
2953,2016-08-15,HIRESr/OSIRIS-LGS
2954,2016-08-16,HIRESr/SSC/PCS
2955,2016-08-17,HIRESr
2956,2016-08-19,HIRESr/OSIRIS-LGS
2957,2016-08-20,HIRESr
2958,2016-08-21,HIRESr
2959,2016-08-22,HIRESr
2960,2016-08-23,HIRESr
2961,2016-08-24,HIRESr
2962,2016-08-30,HIRESr
2963,2016-08-31,HIRESr
2964,2016-09-01,HIRESr/OSIRIS-LGS
2965,2016-09-19,HIRESr
2966,2016-09-20,HIRESr
2967,2016-09-21,HIRESr
2968,2016-09-22,HIRESr
2969,2016-09-23,HIRESr
2970,2016-09-24,HIRESr
2971,2016-10-04,HIRESr
2972,2016-10-05,HIRESr
2973,2016-10-06,HIRESr
2974,2016-10-09,HIRESr
2975,2016-10-10,HIRESr
2976,2016-10-13,HIRESr
2977,2016-10-14,OSIRIS-LGS/HIRESr/PCS
2978,2016-10-16,HIRESr
2979,2016-10-17,HIRESr
2980,2016-10-22,HIRESr
2981,2016-11-04,HIRESr
2982,2016-11-10,HIRESr
2983,2016-11-13,HIRESr
2984,2016-11-18,HIRESr
2985,2016-11-19,HIRESr
2986,2016-11-20,HIRESr
2987,2016-11-21,HIRESr
2988,2016-11-22,HIRESr
2989,2016-11-23,HIRESr
2990,2016-11-24,HIRESr
2991,2016-11-25,HIRESr
2992,2016-12-15,PCS/OSIRIS-NGS/HIRESr
2993,2016-12-16,HIRESr
2994,2016-12-21,HIRESr
2995,2016-12-22,HIRESr
2996,2016-12-23,HIRESr
2997,2016-12-24,HIRESr
2998,2016-12-25,HIRESr
2999,2017-01-05,HIRESr
3000,2017-01-06,HIRESr/OSIRIS-LGS
3001,2017-01-07,HIRESr/OSIRIS-LGS
3002,2017-01-09,HIRESr
3003,2017-01-10,HIRESr
3004,2017-01-11,HIRESr
3005,2017-01-12,HIRESr/OSIRIS-LGS
3006,2017-01-20,HIRESr
3007,2017-01-21,HIRESr
3008,2017-01-22,HIRESr
3009,2017-02-01,HIRESr
3010,2017-02-02,HIRESr
3011,2017-02-03,HIRESr
3012,2017-02-04,HIRESr
3013,2017-02-05,HIRESr
3014,2017-02-06,HIRESr
3015,2017-02-07,HIRESr
3016,2017-02-08,HIRESr/TBD
3017,2017-02-09,HIRESr/TBD
3018,2017-02-10,HIRESr/TBD
3019,2017-02-17,HIRESr
3020,2017-02-18,HIRESr
3021,2017-02-19,HIRESr
3022,2017-02-20,HIRESr
3023,2017-02-21,HIRESr
3024,2017-02-22,HIRESr
3025,2017-02-23,HIRESr
3026,2017-02-24,HIRESb
3027,2017-03-15,HIRESr
3028,2017-03-16,HIRESr
3029,2017-03-17,HIRESr
3030,2017-04-07,HIRESr/TBD
3031,2017-04-08,HIRESr
3032,2017-04-09,HIRESr
3033,2017-04-10,HIRESr
3034,2017-05-12,HIRESr
3035,2017-05-13,OSIRIS-NGS/HIRESr
3036,2017-05-18,HIRESb/OSIRIS-LGS
3037,2017-05-19,HIRESb
3038,2017-05-20,HIRESb
3039,2017-05-21,HIRESb
3040,2017-06-01,OSIRIS-LGS/HIRESr
3041,2017-06-02,OSIRIS-LGS/HIRESr
3042,2017-06-03,OSIRIS-LGS/HIRESr
3043,2017-06-04,OSIRIS-LGS/HIRESr
3044,2017-06-13,HIRESr
3045,2017-06-18,OSIRIS-LGS/HIRESr
3046,2017-06-19,OSIRIS-LGS/HIRESr
3047,2017-06-20,HIRESr
3048,2017-06-21,HIRESr
3049,2017-06-26,HIRESb
3050,2017-06-27,HIRESr
3051,2017-06-28,HIRESr
3052,2017-06-29,HIRESr
3053,2017-06-30,HIRESr
3054,2017-07-01,HIRESr
3055,2017-07-02,HIRESr
3056,2017-07-07,HIRESr
3057,2017-07-08,HIRESr
3058,2017-07-09,HIRESr
3059,2017-07-10,HIRESr/TBD
3060,2017-07-18,OSIRIS-LGS/HIRESr
3061,2017-07-24,HIRESr
3062,2017-07-28,HIRESr
3063,2017-07-29,HIRESr
